product_id,review
B006ICBKSU,"Thanks

Happy, happy! I have been looking all over the place for ivory satin wedding flats, because I'm tall and didn't want heels. When I found these shoes and saw such bad reviews, I had to look further just to see what was up, especially since they were so cheap! Happily, there was some serendipity involved with these babies. They were listed as white, but the other reviewers stated over and over that the shoes were no where near white. Well, they're not. HOORAY for me! They are ivory, which is exactly (perfectly) what I needed. I tried them on to see if they were true to size, and they are not. I usually wear a 9-1/2 or a 10, but I ordered the 11. I thought I could wear thicker stockings or put an insole in the bottom if they were too big. Good thing I did get the 11, because they run small."
B01E3MM51C,"they wouldn't charge after 2 wearings

Grandson loves them. Fits true to size. Quick delivery

Didnt have the exact size I need. They were a little big but very nice shoe

These are some cool shoes. Thanks for making the product right for us. They are working perfectly fine as right now.

I bouught them for my mom and my son, they absolutely love them, So many compliments!! Thanks and very fast delivery...2-3 days.

My daughter loved em but the lights started malfunctioning after only a day.... now 3 days later, only a few of the lights work and in only 2 colors

Bought these for my daughter and we can'talk get the left shoe to work. She was excited to have these ad waited patiently only to be disappointed. Don't waste your money."
B00VX9XP1S,"Adorable! Received lots of compliments! Only flaw is that the straps are Velcro.

Such cute shoes and true to size"
B01B5BYD2S,"SOOO adorable buy way too big and wide! Order down.

A++

Fits good, color is lovely. Base friction/grip less for babies.

Really cute! Super soft and they seem very comfortable! Bought a size smaller due all the comments and they fit perfectly!

Only reason I'm not giving 5 stars is because these shoes were bigger than expected and not true to size. However with my son growing like a weed they fit perfectly now. They are really cute and he walks well in them. I ordered a 5 but they fit more like a 6 in toddler size."
B005B9HHEC,"very pleased with this purchase ...waiting for optional colors

Love the feel. Love the look.

good uniform shoe

I bought 3 pair of saddle oxfords. Bass & Jumping Jacks which ran big and slipped on my heel. These school issues fit perfectly and are soooo comfortable. I just wanted retro funky comfy shoes to knock around in and these are it. 50 something mom.

Cute shoe. Fits well.

Great quality.

Great shoes, very good quality. It's the first shoe that has lasted my son more than 2 months without even a scratch. I recommend them for style, material and price

Loves the shoes. They fit perfectly.

High quality shoes for boys. Very pleased. The School Issue brand tends to run 1/2 size small which I already knew and bought them with this in mind.

When purchase, recommend you go up a size. Shoes are cut very small.

Nice dress shoes for little boys, I have only two things I would complain about: 1) they run very big. He has Ralph Lauren shoes in the same size that are about half an inch shorter, so he will have to grow into them. 2) While padded nicely in the heel area, the material is very hard. I hope it gts softer when he's wearing it.

I went a size and a half size up. My son wears a size 2. I brought a size 2.5 get buy.. Looks very nice with uniform.

So adorable! Just as pictured. Runs small.

The best pair of saddle shoes for the money on the market.

I like them.

Ordered these for my 8yr old son - he was a size 4 when I ordered them in May but is a 4.5 now in August. So he won't be able to wear these. Nor can i return them. Money gone. Sucks.

The only shoes that last all year

I ordered these because they said they were leather. The stamp on the tongue even says it has a leather upper. It does not feel like leather. It feels like vinyl. I hope they last, because they were a lot more expensive than vinyl shoes.

Very high quality made shoes, good design. Size is too small compared to the other wallpaper and continuing the same size.

These were perfect for my son. They were true to size, same as his sneakers. A bit stiff & a bit more blockish than this style is intended to be, but overall for the price, I was quite pleased. He looks like a little man in them, & loves to wear them with his suits for Church, or with his dress shirts & jeans to a more than casual, but not suit worthy event. I was impressed he was able to do rock climbing (imitation style for small kids) in them with NO SLIPPING. He was in a concert at school with a carnival after & did not even need to change into his Nike shoes to do it. Worked perfectly. Will be back when he outgrows his current pair. IF you are looking for the classic wingtip style, these are not it, but they are a close second.

I ordered wide and the show is still narrow and the show is very hard that it hurts my daughters feet.

I am in love with saddle oxfords for my son. These are very nice shoes. They're very light weight and not large and bulky, which I like being that he wears them with dress clothes. So I give them 5 stars. That being said, these shoes definitely run small. My son wears a size 5 and after reading reviews I ordered a size 6. They were also too small. So I then of course had to reorder. So just be aware.

A very tight fit. I had bought a size 7 instead of 6.5. But seems shoe runs small. Disappointed as it was a good looking shoe

This shoe is horrible. Bought it for my daughter, the first day she wore it to school, she came home complaining how much pain she felt all day.. The show tongue is very uncomfortable. I need a refund.. I am very very disappointed.?

Need a bigger size an they're to stiff in the back of the shoe

I purchased this shoe because my son has wide feet. This is not wide at all! I'm so disappointed.

Beautiful; excellent quality & customer but seems to run one to sizes small & narrow.

Bought for my daughter and she looked so cute with these on. They fit perfectly.

My daughter loves these shoes, they are her school uniform shoe. I bought this"
B01E42PI9W,"Fits true to size, light weight and very comfortable. The shoes came already charged, so my son could wear them right out the box. Only issue is the USB cord in the shoe moves far down in the shoe, and it's hard to get to when I want to charge the shoes. Still a great buy!"
B01EKRW5S8,"I purchased these as my daughter wanted sandals for school, but I do like opened toe shoes at school (on the playground or an unexpected sports class etc.) So I chose these as an inexpensive alternative, (as kids grow out of shoes yearly) also as an add on item to an additional order. This aside I still wanted them to do the job and be functional cute, summer to fall, then winter into spring school shoes, also possibly be passed down to her sister, so I did shop around and read reviews. Firstly many reviewers said they ran way small (like a whole size), so I ordered a size and a half up, (which was only a half size bigger than her new school tennis shoes) so she could get the school year out of them. Well when they came in she they were way too big! so I don't know if they really run much smaller than expected, I would say they are fairly close to true to size,,,, these now will probably fit her two years! ** Secondly the reason I gave these only one star, (and this is my bad) I read mostly great reviews 4-5 stars only concern was the size. BUT there was one reviewer that gave the only bad review, and that was about the quality, she said they did not even last one day on the playground when her daughter wore them to school, that the shoes came home terribly scuffed on the toes, like the toes actually worn off! Well THIS also happened to us! I should have turned away after reading that one review but I didn't, so I guess it is my fault. My daughter also came home after wearing these shoes for the first time today, and the toes are mostly WHITE !! they are that scuffed. Not just scuffs, but the color completely gone! worn off ! And she swears she did not do anything out of the ordinary, just regular school yard play, and average classroom activities. Knowing my child I believe her, yes she is very active and does run around, swing, climb and crawl thru the tunnels on her school playground, but I've also watched her play and know she is not rough or excessive when she is playing. So my review --- STAY AWAY from these shoes, these are cheap as far as shoes go, so I guess I got what I paid for, but even at almost $17 I thought they world last maybe six months. NOPE, unless you are only looking for a pair to last one day, and during that time your child will not ever be going outdoors of running/crawling/jumping/skipping around any, save your money, spend a little extra on a quality brand, I DO NOT recommend these! These will not make it through the whole school year, I am embarrassed to let her wear them even one more day as they now look so terrible, and these most certainly will not last to be past down to her little sister :( (on any kind of plus side, she still thinks they are pretty, and says we can try to color over them a bit. And even though they are a little bigger than we wanted, she says they are comfortable, if that is any consolation)

My daughter really loves these! They would get 5,stars, but the toe scuffed on the first wear, showing tan under the turquoise.

These are adorable and so cute with the little arch support. Most kids shoes have flat insoles, these have the right amount of cushion for a little kid.

very cute!

After 1 day at school all of the color had worn off the toes. My daughter loved the cute design, but the quality is terrible

I bought these for my 7 year old daughter and they are a huge success!

I was afraid to buy these shoes based on the other reviews. I purchased them 1/2 size larger based on reviews and they fit perfectly. My granddauther LOVED them. She wore them with socks and they were adorable. She insisted on wearing them to Busch Gardens the second day she had them so I let her. She wore them all day, no complaining at all. I had my fitbit on, we walked over 10,000 steps - not one complaint (with socks on). Just buy a little big.

The shoes are pretty well made and I particularly like the non-slip rubber feature in the bottom of the shoes. I ordered the blue one and it looks better tha"
B00A4OM0IW,"Well, the size was perfect...and the boots OMG! they're so cute. I really like them.

LOVE THESE BOOTS! lots of complements.

I love these boots they are so comfortable and so cute.

Comfortable and looks great on!

They are true to size just a tad wide. But they are warm and have kept my feet dry this winter. I love them. Not to mention they are beautiful and I have had a lot of compliments on them.

I have gotten alot of compliments when i wear these boots. These are so comfortable. probably the most comfortable things i wear on my feet!

I am in love with these boots. I would totally recommend these boots to everyone looking for great boots to wear with leggings or skinny jeans. They look great!

Love these boots!!!!!

Boots look great on, am happy overall, like the way bottom fits to foot.

I love these boots but, warning though the soles are not anti slip when it comes to black ice.

awesome boots!!!!

I love these boots! Very warm and comfortable and they go with a lot of outfits. I frequently get complements on them. I ended up ordering a pair in brown too, and love them just as much!

Luv em

Calf is too large. And shoe runs wide.

They look great. Not real comfortable but you will look great. I liked them because I have large calf's and they actually fit.

I recieve tons of compliments on these boots!! Wish I knew they ran so wide, would have gotten a half size smaller

these boots are so comfortable. I just love them."
B016X3YRKQ,"I bought these (a size large, 12-18 months, 5.5 in) for my then,16.5 month old daughter, who is now 18 months and still wearing them! The sizing is a bit large for the recommended age group but fit true to size based on the listed inches. My daughter is 18 months with a 5-inch length foot and these shoes finally fit her perfectly. They are a tad bit wide, but I feel it gives room for the fit to move freely as needed. They seem to be very comfy to wear and walk in; no complaints from my little one and she doesn't attempt take them off too often. The elastic keeps them in place and prevents them from slipping off. The sole is thin which allows my little one to walk with confidence. It's as close to being barefoot as she can get, which I like. They have been through a month and half of wear and tear from an active toddler (lots of outdoor use in the sun, rain, dirt, everywhere!) and while they did lose their luster quickly (the bottoms are also really dirty), they still work pretty well. If only I could find a good way to clean them, they'd last longer. I will definitely buy another pair when these ones are ready to be retired."
B00G6MWX74,"Not good quality at all very disappointed. Don't even wear theme total misrepresentation of what ur getting for the price. Maybe worth 3.99

They are very comfortable and warm but a bit thin. I have decided to use them for my summer slippers and use a thicker pair for winter.

There of poor quality and left shoe keeps coming off . I am used to a much higher quality Sherpa insole.

Fleece stiches holding so far easy on attractive cuddlely Lion King Cold this winter more expensive dockers feel apart Chaio

Just what I ordered. They are true to size, and keep his feet warm. Great buy.

Bought these for my daughter, who has long, very narrow feet, (size 13 1/2 AA). It's next to impossible to find Women's shoes or slippers in her size, so unisex is most times her only option. Though these are wider than she needs, she said they're very comfortable and warm... and they're not too masculine looking as some unisex products are... couldn't beat the price either!

I return these cheaply constructed shoes. I was so looking for a warm pair of shoes for the winter, but these were not the answer.

These are not at ALL what they appear in the pictures. A complete and utter waste of money. Do not support this company. The slippers are a very rough fabric. Not soft at all. The size does not fit even closely.

No where near as fluffy as what is pictured. Not very warm and the Velcro tabs barely hold in place. For what they charge it should have been much better.

My husband loves his slippers! Perfect for his wide feet too

Not what I expected.

These slippers are cheaply made, totally misrepresented, VERY thin, not comfortable, not cozy, not worth the time to order them, and a very huge disappointment. I would return them, but they were a Christmas gift from my step-daughter.

Look super fuzzy but they are not really all that fuzzy in person. Overall not too bad though.

I wear them when my feet get cold in winter months. The flop a bit so I tend to kick them off when I'm walking and just wear them while I'm sitting."
B00KYAYVPG,"Fit true to size and seem vey comfortable for my toddler.

Perfect fit nicely made"
B002HIQWOQ,"Cute and a great addition to my daughter's costume for the school play. Sadly after a few hours of wearing, the soles began to separate from the shoes. We had to glue them between shows to ensure she could get two days use out of them.

I tried breaking them in, but they killed my heels. Returned and got full refund.

Bought these to wear with my Queen of Hearts Halloween costume. They were a big hit, plus comfy since they didn't have 4 inch spike heels :-)

I love the shoes and received many compliments on them. I love wearing the shoes with a black pants and a red top

This is a great product, I loved the look, quality plus I received right away. The only problem I had was that it is not true to size.

These shoes are very cute, but do run a little small. Unfortunately I had to return, because the costume I ordered to go with them did not work out. Great service from amazon, no hassle return.

My daughter loves the way these look but can't stand to wear them *at all*. She has no problem with her other Funtasma shoes (4"" heels!), just these.

Unlike the other company I wrote about, I actually got this item and it was on time. I must say they really delivered. I would alway buy from them....my shoes was a big hit @ the party.......Thanks

I am absolutely in love with these shoes! The ones that arrived at my place look exactly like the picture and they are gorgeous and extremely comfortable! I can walk in these for quite some time without any problem! I bought them to go with a black skirt I own and they match perfectly with a nice casual outfit. I've had these shoes for about 3 hours now and I've already gotten so many compliments on them! Wonderful product!

These are great shoes to complete an outfit or costume. They look great with Alice in Wonderland themed items or anything in red, black or white. You could probably wear them for a short walk around the mall or something, but the soles are thin, and I wouldn't wear them for a *lot* of walking, or every day. With a synthetic upper, you'll probably be in for more discomfort breaking in, and of course more sweating. I wear a size 9, and this 9 fits me well enough, but I think I could have used just a bit more room around the toes, and given a choice I would have picked a 9.5. 10 would have been way too big. However, these don't come in half sizes, so 9 is what I got. As is, the shoes are fine for occasional wear if you're not planning to hike across town. They look cute and I think you'll be quite pleased with them as long as you don't try to run a marathon in them. I like them well enough that I'll be looking for more costume shoes from Pleaser in the future."
B00UI87SAE,so cute!!!! they are true to size
B00ZB68S9S,"These shoes made my little girl's day shine!

My daughter loves these and wears them everyday. So far so good on wear and tear.

So cute. Bought as part of a Halloween costume and my daughter refuses to take them off. She wore them in semi wet weather and the bottoms are not peeling away (it's cardboard from the feel of it and the way it bends) but I don't recommend much outdoor play in them.

Ordered these for my daughters. The soles are coming off of one pair, and the gems are coming off both pairs. They are very poorly made.

These shoes are very well made and do not look cheap. My daughter used them initially as part of her Halloween costume--Dorothy! These can be kept and used as normal dress shoes rather than tossed in the dress up box. I purposely bought a 1/2 size larger in the event they were not true to size; however, they were too big as a result. My fault. I would recommend buying actual shoe size as they appear to be true to size."
B00D9B7FOQ,"great!!

Great shoes and clips

Just put a year outdoor and indoor (on fluid trainer) on these. These were my first pair of clipless pedals and did not want to pay a lot for something that I had never used and did not know if I would like. The shoes have held up well and are still very comfortable. Pedals on the other hand have not faired so well. Got about 1500 miles on them before they fell apart on a ride. Pedal came off of the spindal...bearings lost. Limped home on the spindal. Had to throw them out and upgrade. As a frugal rider, I hate to say this, but, spend the extra $20 or so and pick up a pair of Shimano clipless pedals

i was looking forward for a pair of bike shoes but don't have to much money so i give a chance to this shoes and i am happy with them, comfortable and light.

Great set up for the money. Was not sure i wanted to go clipless and for this price was easy to try it out without breaking the bank. Just a few side notes. 1 go, if you can, to a bike shop and get sized. The size charts are not right on here. 2 if you are like me and like to stop and smell the roses as it where while road biking the road shoes may not be your best bet. Hard to walk in but the up side peddles are large enough that you can take a quick spin in any shoe. 3 same people sell a clipless mtb bike shoe with a full peddle so that is something I may pick up in the near future. So in conclusion if your thinking you want clipless and you just ride get these they have held up great so far I do about 100+ miles a week and have had them for about a month so far very happy. Oh also the shoes are usable with both major cleat types just remove the insole and pull the metal plate if you don't have anything in them they slide around and can get loud.

Not the best made shoe available but I think it is the best shoe at the price! Runs true to size, well ventilated (not a winter shoe) and the fit is good. If you are a racer or very particular this may not be for you but for general use it's good. I expect it to last a couple of seasons, if so I got my money's worth.

I bought these as a starter pack for someone who didn't want to spend a ton of money on shoes/pedals. And they are GREAT! No complaints, fit well, easy install, very happy.

I purchased these for my boyfriend and he loves them. He has only been able to ride with them a few times, but he said they were great! No issues noted thus far. They seem to be made well and should last a while if properly cared for.

Great for the money fur Sur.

Great into set for me into cycling.

I'm fairly new to cycling and these are the first shoe of this type for me. I have slightly wider flat feet and the shoe are a little narrow but overall comfortable to ride in. I where a 9-9.5 dependent on the shoe-so I chose to go a half size down, which was the right choice for me. The shoes are well constructed but the material seem a little cheap but after riding for over an hour with them on flat surface and grueling hills, they lasted the whole way. For the price you can't beat them and being new it was a great find.

Better than I expected! They fit like a glow. The materials look well made (for the price)

They are great I have put on them over 300 miles still holding

Ordered shoes one size larger and they fit wellgreat shoe for the pricegreat shoe if you are getting into cycling and on a budget...sometimes its hard to unclip even at the lowest setting but I think it will get easier as you get used to them. If you are expecting high quality this is not the shoe for you, but if you just want a decent clip on shoe and pedals that won't cost you much, than it's a great buy.

Overall good entry shoe for the price. The Velcro straps are a little on the short side have over 1,000 miles and no problems yet

Not bad.

After a month of diong 60 miles a week, I still have a hard time clipping it

Exactly as described. Comfortable and easy to install

I normally wear 8.5 - 9.0 US size. Ordered these pairs in 43 and the"
B01CJ8UHR6,fit great. don't slide down
B000OEFW8W,"It is exactly what it claims to be. I wear it all the time. No griefs about purchasing it.

this buckle came just as expected, very nice, but unfortunately I cannot wear it because when I sit down the top of the horseshoe sticks in my belly, guess i'll have to lose some weight."
B017AUO66Q,"My baby love it, soft and confy

Beautiful slippers

We love these shoes!! Thank you so much!!"
B00ZW3SH1E,Nice shoes
B00A7H06NM,"My grandson is 14 and very thin, so these shorts were perfect for him. I included them in an Easter basket, with goggles and swim fins, which were perfect for the summer coming up. He is a blue eyed blond, so the color is perfect. Good quality shorts."
B01CJOXBXW,"The lights on one shoe quit working after about one month and they wore out quickly. Still gave 3 stars because he LOVED wearing them!

best seller everything is okay"
B00RQPX35G,The shoes came jsut as expected and my wife loved them even more
B01CJPQXRW,"My granddaughter asked me to buy these for her. She wears them all the time. We like the feature that you can turn off the lights when you don't want them to light up. Whenever she DOES turn on the lights, she gets so many compliments and everybody wants to know where she got them. I would buy these again."
B0057RURUE,"My daughter loves these hello kitty shoes! Everyone does! Perfect size 1, fits! Fast service! Shoes in good condition! They are very girly girly."
B011L8G5E4,"One of the best skate shoes out .

Good shoes all around. Only been able to get a few ollies in as I messed my ankle up before getting these shoes. No noticeable wear yet. Es Accels have always been my favorite shoe. Slims aren't usually my cup of tea but these are wonderful

Nicely padded insole with lots of grip/traction on the underside. Awesome material. I could do with more padding on the Achilles area, but then again I may just need a slightly bigger size as well.

I normally wear a size 11 in other Sole Technology brands (Emerica & Etnies) so I ordered these in size 11 too. The length of fit was perfect and gave my toes enough room without being too long, but the width was too small and I couldn't wear them comfortably. I guess slim truly means what it says. So instead of ordering a size up and having the length be too large I ordered a pair of the regular Accels and they fit perfectly. If you have smaller width feet these are for you. If you don't get the regular Accels. For what it's worth I didn't get a chance to skate in them, but they seemed like they'd be an awesome skate shoe."
B00RNNYU44,"My granddaughter absolutely loves these shoes...she has a very narrow foot...so for a very narrow foot, they run a little wide, but the strap holds them on well with no problems. They are an ample size 3, which means plenty of toe room...and little girls just love the bling!"
B00ACNSD9K,Perfect for that 6yr old little girl
B01DTGMTKK,Bought these for my grandson and he loves them!
B01EWJMFNO,"This was the ugliest things I've ever seen. I'm so sorry to leave a bad review but, it just looked like a pile of misfit fabric. There was nothing that looked even slightly like a flower. My child cannot wear this trash."
B01BSO36H0,Beautiful sneakers. My daughter love them. Just sent back for a bigger size
B00U5L726O,Super cute!! Color is off white! My daughter loves them!
B014IW97FO,i loved
B01CGB0DKC,"Don't remember fit because returned. The suede was not soft smooth suede accustomed too. It was rough, grainy and little material balls"
B01H6P02VS,"**I received this product for free in exchange for an honest and unbiased review.** Both my husband and I love this pair of squeaky shoes by Happy Cherry. Great quality, smell like real leather, very nicely made, no loose stitching throughout and it squeaks~ This is just too cute, can't wait for my daughter to start walking and squeak her way around, would always hear where she is. :) The sole is pretty thick, a firm but spongy rubber so it is non slippery and gives good padding for little ones to walk on. The color is in a darker shade in person but it is just as pretty. Very satisfied, love it!"
B01G7GHX14,"Eye disappointed lights on one shoe stopes workimg before my kids could wear em

My son LOVES them!! The only concern i have is with the cord to turn it on. I'm afraid with too much taking them in and out the cord will wear and tear, possibly breaking...other than that they are fantastic!"
B01G13Z8UQ,To small
B00G5KCOEE,"Love this necklace, had lost a similar one last year. I like this one even better. It is very tiny and has a little sparkle from the diamond chip. Perfect for what I wanted."
B01CW6DUTM,"Unfortunately the soles came out after a week or two on both sets for my twin girls. Very disappointed

These are the cutest slipper socks that I have come across in my last 8 years of parenting. These are the most sturdy that I've seen and they are definitely worth the price. My niece is using these now and they are holding up very well. But these are perfect for little kids and toddlers that are barely learning how to walk I would highly recommend these they fit well according to the size chart. I'm very happy with this purchase and will definitely buy again. I received a promotional retail sample on this item for my honest opinion and review"
B00I9080Y6,"No problems at all with ordering and the delivery was prompt. The silver is very pretty. The carrying bag is very nice too. Measure your foot before ordering. We did and the fit was perfect. I recommend Fancy Shoe Land. Very professional company!!

These are absolutely genius. The shoes themselves fit perfectly, and they're really cute - some ballet shoes look sort of frumpy, but these do not. The bag is unbelievably smart - it folds out into a size that can not only fit my heels, but a shawl or anything else I end up needing that won't fit in my silly little purse. To top it all off, I received an email from Jen, the founder of Fancy Shoe Land, checking in to make sure everything was okay. I couldn't be happier. No issues with quality as mentioned in some other reviews - and I am confident that if I did have any issues, Fancy Shoe Land would be happy to help replace or refund them. Thankfully, that's not the case - so I'll be dancing like crazy this weekend!

Love these, may have done ok w a small as I'm a 6.5, but got a Medium. Need them as inside-house shoes overseas where you leave your street shoes outside, so small pouch fits perfectly inside purse so I can whip them out instantly. This order comes from Australia, that wasn't clear to me so got charged a foreign transaction fee so USA people, be aware of that but they arrived super fast!

I bought these for Vegas because I knew I was going to be out dancing and walking for a long night celebrating my friend's birthday, and these saved the night! I love the color that can be worn with any outfit. Very pleased with this purchase! Soooo worth it!!

These are very comfy! I bought them for my son's upcoming wedding. I wear a size 7 and the medium fit perfect. I love the bag. Fits my heels nicely.

How many times have you been out and your heels start killing you? I know it has happened to me plenty of times. These are my new favorite things. They come in this cute bag. I leave them in my purse so that I always have them. The bag opens up and his big enough to fit your heels. I think they are so cute! They are very comfortable, and have a non-slip sole. Don't leave home without them. #GotADiscount

My wife bought a medium and wears a size 7. She says the flats fit comfortably and the sizing was as expected. These are simple flats that can be for a variety of occasions. She was pleased with them and I've purchased a second set."
B01HBNZHC4,"My son loves the color gold, so these were a hit. He has worn them in 4 games thus far but they are holding up well and are comfy according to my boy."
B00KLMFMKK,he loves
B01HGR394I,My husband has many pairs of these and never had a problem with size until this pair. Too expensive to return as the seller is in the UK. so I am stuck with them.
B00UVVE95A,"My daughter says: ""These sandals hurt my pinky toes. I don't like them."""
B00IKIEK14,It is very good.
B01BSO2H0W,"I bought this shoes for my 9 year old daughter and she loves it so much.

My son was very excited to get this shoe and wear it. However, it was very disappointed that after 3 days the sole of the shoe completely came off and I had to return."
B00RJHWHJO,"Of all the ""glow in the dark"" shoelaces I've seen on Amazon, TopTie's are the only ones that actually glow, and they glow fairly well. If I had 1 criticism, it would be that they should offer more lengths, but the seller was very explicit about what length they actually are and, thus, they fit as expected: a little short, but worth it!"
B00NFK3KZO,"These run very, very small. In the picture, you can see a standard American size 3 ballet shoe next to the Body Wrappers size 3.5 black jazz shoe. Returning these."
B00GRI74US,These are nice for casual house wear. I wouldn't recommend running in them. Comfy and warm.
B000FTHJS2,"The best thing going for the shoe is the low cost. They certainly wil function for wrestling shoes but they are cheap and will start to fall apart in one season. The velcrow lace tuck is junk and the stitching is falling apart, but I have used them for 2 seasons coaching. Time to pick up some asics, they have always been durable.

I got these for use in BJJ just to avoid getting another case of Impetigo which I had one from dirty mats. I got size 11 which is usually perfect for me, but these were pretty tight, but that I guess is by design because they totally support your feet all the way to the ankle. And the grip they give is great, it feels like cheating to be able to grip so easily. Recommended."
B01H02OKBK,"Lights stopped working in a week even when plugged in

Only one light show after charge need help asap

I didn't know they can with a charger for the lights. That is a plus."
B00L8OXZTK,"true to size and looks great!

Fits well! Can't wait to wear it to the beach. :)"
B00BV2VOBK,"I really liked the dress. it needed more support for me on top. but overall good purchase.

Very lovely dress, fits true to size and has a nice flow. I will be covering the netted material at the front because its very revealing and also the split is very high so will be adjusting this as well. The Package was delivered a lot faster than the delivery date and I had no complaints concerning the packaging."
B00A78V5JA,"You can see the polkadots through the fabric. Awful

Great jacket. I wear it all the time..

Love the light weight, fits true to size. Only complaint is the polka dot lining you can see through the jacket. Wish the jacket was a little thicker to hid the lining."
B01CU25FFU,"Item is not true to size and has a weird tight lining in the bust. SAdly I kept it and it's collecting dust...

First, these dresses are dry clean only. Second, they're lined with a stain around the bust which makes it ride up. The zippers are the worst though. I bought five of these and three of the five have busted zippers. The zippers that don't break will become unstitched at the waist.

I am a regular dress size 16, and I ordered an XL and it fits very well. I had to deduct one star because this dress displays too much cleavage for my comfort level and because the zipper is very ""sticky"" and doesn't open or close easily. Overall I am thrilled with the heavy cotton fabric, the full skirt, and the good fit. I'm sad I can't wear it as is without being VERY risque, and have worn a cardigan over it which covers the pretty sleeves and princess style neckline.

The most beautiful dress ever. Makes you feel like a princess"
B017QEDSAQ,"Ordered an extra large (usually wear large rather have it a little big) it was so small i couldn't even put it on! Other than that it was a georgous coat, wish it would of fit!

Coat was very cute, but it was way too small. I usually wear a L so I ordered an XL and it was way too tight. Too bad it doesn't come an bigger.

This coat runs fairly small. I'm 5' 10"" and a size 10, I usually purchase XL coats so I can layer comfortably. I bought this coat in an XL and with just a single layer underneath it's snug, but wearable. I can't comfortably sit when it's zipped. However, it is very warm and durable. Great for the Chicago winter. The hood is very roomy and comfortable. I often find that hoods are thin and not very useful, but not here.

This jacket is pretty good. I only got it yesterday, but it was good for today (30degrees F). I am really glad I ordered two sizes up. I usually am always a medium, but based on other reviews I decided to get two sizes up because I wear blazers and sweaters underneath my jacket usually. I am really glad I did! Fits me well, being an XL and I was able to comfortably wear a blazer underneath.

This was a christmas present for my mother. She absolutely loves it! She said its warm and comfortable.

Sizing soooo off!!

Just as described. I love it

This jacket is warm and has great quality for the value! Looks great and expensive!!! And it feels great as well, just order a size up!

Loved the coat but if I gained one pound it would be too tight even though I ordered one size up. The other thing is, I couldn't wear a sweater with it because it was too snug. It's too bad because it's just what I was looking for in length and warmth.

Pretty in the picture, but its not true to size

I love this coat.. is very warm which is what i was looking for. The only con is that i wear size medium but due to all the the reviews about it being too small i decided to order size XL.. welp it fits like size small.. i cant wear thick clothes with it. But i still love it. Good quality for the money.

I read all the awful reviews on this coat, but took a chance and purchased it anyway. I am so happy I did. We live in St Louis and it has snowed here several times during the past week. This coat is warm, made remarkably well and I just can't figure out why all the negative comments. The fur trim comes separate and there was no issue with fur coming off when attaching to the coat, nor has there been any come off since. I will advise anyone that does purchase to upsize because it does fit small. I am 5'8"" and 120 lbs. I wear a lot of oversized sweaters, so I purchased an XL, where I would often just purchase a M. It is so warm and the two outside pockets are deep and holds my beanie, gloves and ear muffs without even bulging out where it looks like they are stuffed to the gills. I would recommend anyone who lives in the colder areas to buy this coat. The price was exceptionally cheaper than a North Face or that type of coat. I love it and have just purchase the white one as well. Warm, durable, the hood is very large and covers your forehead and both sides of your face. You can even pull it back a ways and it won't fall down, still keeping your head warm and toasty. Excellent purchase!! Just remember to upsize to your desired outer wear (bulky sweaters, etc) and even when I'm not wearing something that bulky it still fits to a T!!!

Jacket was nice , Fur as well However this is deceptive advertisement the size is not as labeled at all

I purchased this for my wife when our city had a monster snow storm bearing down on it. Despite the concern I had from some of the reviews about the warmth, this coat has proved almost too warm. We have recently had a spate of below freezing weather with continual gusty wind and she has stayed warm and comfortable. So warm that if she is not out in the cold she starts to get uncomfortable, which is saying something for my eternal nemesis in the battle to not have the thermostat in the upper 70"
B006JCTOP0,"Love these... Bit of advice though... Buy a bigger size then what you usually wear. I wear these around the house and on the deck and although they are true to size, for casual wear I would prefer them to be a size larger. Good craftsmanship and comfortable for guys or girls!"
B00IUFZK70,"nice one

Ordered these to use the pants and suspenders as part of my son's Halloween costume. Ordered a size down and they fit well (true to size would have likely been too big). Great price!

High quality, wonderful price, true to size and also come with its T-shirt Thanks alot"
B01CCJOCV4,This Outfit is NOT TRUE TO SIZE! The ARMS and BREAST AREA DOES NOT FIT!
B01G5728A6,"Fits great

Color seems a lot different and fabric was not what I was expecting. An overall low quality outfit!

Stylish . Love it

The quality of the fabric is more on the cheap side.

Fits true to size but it does not look like it does online. It looks better online

Really need heels with this because the leg length is very long. I love it though!

Looked really small but it fit, cute though.

Again the color was off I was expecting a deeper purple and got a Barney purple . So disappointing and I don't like the fabric because its not forgiving at all and the belt is super cheap.

The product looks nothing likes it looks in the image displayed. It is a light purple jumpsuit and not as tailored a's pictured here.

I'm so sad, because I liked it, and they didn't have the xxl available once I needed to reorder it.

This jumpsuit is cute, but runs small. Had to return and reorder another size.

need two sizes larger

It was an extra large that fit like a medium.

I love this outfit, the only thing is my clevage literally hung out so I had to pin it up more, otherwise my husband loved it and so did I.

I love it...only downfall is the torso is short n its kinda hard gettinng it on.....i wear a 12/14 and i brought a XL....im looking to buy another color soon......i was a Hott Mama in it...thx

Fits nicely except my boobs are popping out. The purple is purple but not as magnetic as the picture looks. I would need a size up to accommodate my boobs. I got an XL.

It's just a little too short."
B00SL7GNQO,"the previous reviews are all true. this dress is horrible. I won't be wearing it. don't buy at all.

I wouldn't even give this 1 star... I still have the product and it sits at the top of my closet in the bag it came in.. Not at all what it explained or what i expected. Completely see through and looks like it was cheaply made out of a curtain .

Does Not Come With Slip

The quality/design of the dress was cheap and horrendous. All of the lace edges were raw cut with no seeming or scalloping. It looks like something that was made in sweatshop!!!

I love my dress but the tracking was off, and it came the day after I really needed .

PERFECT

Very thin material I'm usually a medium I orderd an xl it looked great on me

Small very cheap material

Horrible fit

This dress is not true to size it is 1-2 sizes smaller than what's expected

Not true to size order an large looks and fit like small"
B00VNP6RQM,"Cute, but not true to size. I got an XL, my cup size is C, and it was too little."
B016BIA84C,"Very cute for the price!!

Great quality and true to size. Bought it for a Disney park trip. My daughter is a pretty tall 4 year old (46""), she usually wears 6x and the size 6-7 was perfect for her."
B014VYCGB6,Great shirt! Bought this for my soon-to-be 11 year daughter. She's normally around a size 10/12. I ordered a youth large. The shirt arrived and its a bit bigger than I expected. It comes down to her knees and rather large in the width area as well. I recommend ordering true to size or a size smaller if your child is small in stature. Overall a fun shirt received in a very short amount of time.
B00997UHNU,"the dress is very pretty, true to size and color was accurate, unfortunately at my age (40) i couldn't pass it off and it looked more ""cute"" and it wasn't age appropriate for a wedding."
B004URVIT6,Fits true to size
B016I98N5A,"Excelent

I bought this for my sons 5th month photo. I went by my sons measurements and bought the 100cm (19-24months). The arms were a little long so I just rolled them up. Other than that, the outfit is great. It's really soft. I modified the ears a bit and just attached the wings and the red Pom Pom on top to complete the look.

Was not true to size or even closed waste of my money."
B018BFXGOW,"Fit true to size, well made dress. size 2 , 110lbs, 5'1"". I have bought many dress from Celebritystyle, they mostly fit as expected.

Nice dress,neck was little bit loose but overall its a nice dress..

Beautiful fabric, so cute! LOVE IT! I wish they have more styles lo buy.

Nice dress... may need to tailor to fit better

Beautiful!! I'm pleased"
B0112S1YZI,"The shirt way too small,and the material is poor. Now the seller is giving me a hard time getting my refund.

Shipped fast and great quality!

I ordered this for my son who wears a 2xlt and was sent a 3xl which is not true to size. I wear this shirt to bed, fits more like a large maybe xl.

The size didn't seem true. It's nice quality"
B00K5N2EU6,Nice shirt! Quality was great and it was true to size!
B0197QP47Q,"Agree with others, that it would be nicer if was xenim, I stead of chambrey,,,,but very ute

This little dress appears to be really made of thin material and does not look well made. Otherwise it looks as pictured and fit true to size. I woud not recommend it even at this price."
B010TR1IW2,"My wife LOVES THIS SWIMSUIT! It fits just as described and looks great!

This is an extremely well made suit. Very pretty. Shipping was super fast. Unfortunately, it did not fit me. I usually wear a size 18 in a swimsuit (18/20 in other clothes). The size 18 was too large in the bust but too tight in the stomach. The power-net tummy control was too much for me. My tummy is big, I'll admit. So, I would say on someone more proportioned (hourglass shape) this would probably be true to size. Company made return very easy offering full refund.

It is long enough that it does not ride up on a tall person"
B009KM5GTY,"Another one of those back in the day dresses. Looks great, very unique. You are bound to get many compliments.

This dress is a great dress but it wast not professionally made. I believe it was locally made without putting the interest of the customers in mind. perfectly nice. It look different from what it was physically.

Fabric is very light and different than I expected, it's a t-shirt knit...no big deal except I don't dare want to put this in the dryer by accident or it will shrink and likely lose it's buttons. It's very cute, I love the style, and the fit is good, I normally wear a size 10 dress, ordered Large and this fit perfectly. The little bow on the breast line came off immediately but I may replace it anyway as it doesn't lay flat enough for my liking. For the money, it's an awesome little dress. Just to be on the safe side, I'd wear a slip underneath because the fabric is so light.

Stretchy in all the right places. Simple and beautiful. I had no problems ordering from the suggested measurements. Love this dress.

I'm 5'5"" 130 lbs. I ordered a Large, it fits perfect. Form fitting, but not tight! Cant wait for summer! Shipping took about 2 weeks. Cute Dress!

This dress fit just a touch loose, but that is because I was expecting it to be tighter I think. I have gotten numerous compliments every time I wear it. Classic, kinda retro look every time.

looks lovely on my skinny friend

sexy hot. stretchy light weight.

NICE QUALITY, BUT TOO TIGHT! DEFINITELY WILL HAVE TO LOSE SOME WEIGHT FIRST!

Small and not great quality

Did not fit well, my first purchase was a size smaller, this was too tight. Then i went for a size bigger and it just did not give me that perfect fit. the shoulder and under the armpit was loose. worn it once and i have not touched it again since then. I am not impressed.

poor quality dress

I was disappointed at this dress. The stitching of the white strip looks like a child made it by hand. Looks cheaply made and fabric used looks like a rag. Never again.

fits my curves in all the right places, nice and stretchy

too small and since it is cheap, expect quality accordingly

Looks cute in photos but the dress itself is just cheap feeling and overall it isn't something i would wear out. I actually just gave it away.

The picture gives you the impression that this dress is knee length. Not so much. I'm only 5'2"" and it was about 4-5"" above my knees, not really the look I was going for.

I got so many compliments on this dress! It was however a little tight, I would suggest sizing up unless you like skin tight.

Perfect!

My dress was tight to be the size it was. I didn't feel like going thru to trouble of sending it back.

It was ok., it's cute but the buttons fell of and the white lil bow that goes around your left boob too. The sizes are also tricky , you have to be guessing which size to get because of the material I guess.

The white is rope type material so... it got 4 stars. It would look better if it were satin

The dress is very cute but low quality, it is a dress one might wear a couple of times before it starts to look ""worn"". It requires hand washing, the machine would probably destroy it. Looks fabulous for a Sunday brunch or a dinner out with friends.

The dress fits as expected. I just didn't think it was going to be as short as it is. Pretty much my own fault as I'm sure it's dimensions are probably mentioned somewhere. Just writing this review in case another hasty buyer such as myself sees this cute dress and buys it before thinking it through. :-)

too tiny like for a 5 yr old

The dress is as shown on the picture. I find the neck line a little odd. Might fit someone with a very big chess better because it's a little loose, so it's not so square. I'm on the short side 5'3'' in find the dress a little too long for my height and I'm pretty hippy but it still looks nice. True to size I usually wear medium or 8 to 10, I got medium and it's perfect. I don't really like the material it"
B01G2PDMB0,"Item sizes run not true to size they are not women's sizes , maybe misses sizes

Super cute sweatshirt but really small"
B00WUA1X0Y,"Super cute!

Cutest outfit ever! Looks exactly like the photos, maybe even better! True to color, really pretty. Best part is that the vest is not attached to the shirt so you can use it with other clothes too! Overall great purchase! I love it so much I wish bigger sizes were available for when my daughter gets older!

Super cute outfit! Great quality! My daughter gets compliments every time she wears it.

Outfit was just beautiful on my little one and was true to size

Great gift

Love little lass clothing never diappointed

The jacket is a little stiff prior to washing, but that's to be expected... Very cute outfit. :)

I am only giving this a two star because I received this damaged. I was so excited to get this for my daughter. It's a beautiful outfit, but when I received it damaged it ruined it all for me. The silver straps in the front were not sewn properly. It took 2 minutes of trying to get it clasped for my daughter before it tore right out of the pink vest. The back of the striped shirt had tons of string around the buttons as though it was sewn and just left. I'm not a professional seamstress but I do sew things for a living. This was horribly put together and I am very disappointed in seeing that. It fit my daughter very well, but I had to send it back because it would have taken me too much time to get it stitched back together properly. I really wish I had received this outfit without it so damaged, otherwise I would have kept it. It was so adorable! Hopefully if you purchase this, you don't have the same issues I did. Or if you do, you can at least fix it by hand. I have some Little Lass outfits for both of my girls and I've never had these issues. However, I felt it was necessary to share this with everyone!

The top is very small for 24 month, yet i ordered it bigger than her age, wasn't expecting the first piece to be like it is , its only for cold place like state not for caribean . I thing they should discribe the full quality of the profucts.

Super cute! Great price!

That was my first order from this brand and I absolutely love what I got. Beautiful and good quality clothes. Honestly never expected it to be that good for this price. Definitely will order again from this brand in the future!

This is such a cute set!!! The vest is even more beautiful in person! The buttons are acrylic like crystals and has beading. Very beautiful set.

Cute outfit!

So it was a gift to a dear friend's daughter. The quality was good. Hopefully she liked it !

Fit perfectly and I loved the vest

She was too cute in this

I bought the set only for the vest, for my kid's Viking costume. The buckle like design(with very tiny rings) on the vest makes it hard for toddlers to take off or wear on by themselve. The faux fur itches my little one's neck. 3T size runs smaller than a regular 2T.

Is beautiful but is somewhat small. My daughter is 4 years old and use this!

So cute!

JAST PERFECT, THANKS!!!

The vest fit well, but the shirt and pants were much smaller and only fit for a few weeks. The cuffs on the pants are sewn folded over and they are tapered so it makes them very tight and our daughter had trouble getting her foot through.

Very cute outfit, perfect fit and great quality, my granddaughter and her mom both loved it.

The top is a bit snug, but the outfit is adorable!"
B00YC1XGUY,"Very nice color and fabric

Product was not as advertised. Was also about 3 sizes too big. Very disappointing

Very cute dress but it didn't fit me quite right in the bust. I am a 34 C/D and the medium was a by too big.

It was nothing like i expected. The dress fit big all the way around. the color wasn't as bright, and the brown is VERY brown under the dress. Also the cut the small v cut in the center is not on my dress.

Ordered a medium seemed as if was more a large size

The dress is very well made. It was actually more of a pink, than a red. It was not true to size. I would definitely order a size smaller, for a better fit.

Cute, quality made, exactly what I wanted and was looking for, with the right price.

So I ordered this dress in red in a medium. When it arrived I was nicely surprised. The color and quality were very nice. The only issue was the fit. I am a size 4 but based on size charts I got the medium, and it was too big. I liked the dress so I purchased another in a small. The dress was garbage. The back of the dress/ skirt is shorter than the front! Also there is a band that goes around the circle of the dress and it doesn't align meaning the dress wasn't cut properly when it was manufactured. It's like a factory second. Also, the fabric and color is completely different than the size medium. All that said, I like the dress so I ordered another small to see what I get and am returning the other 2. I will post pics to show the difference. I am truly hoping the third Time is the charm. Will update review after I receive it."
B010RAER6A,"I actually really liked it. I was about to buy one for my father for fathers day because of how comfortable and nice looking it was, but today it broke after a month and half the ratcheted mechanism broke in two piece. I'm pretty bummed

Very nice!

Yes, I love these belts. I wish they had more colors!

Good belt"
B01BIDF5CU,This is a really nice quality shirt for the price. The cotton fabric is very very soft and not overly heavy - perfect for warm summer days. I would definitely buy this shirt again!
B01CZKGFY2,"Totally missadvertised size. The 12/14 is more like a size woman's size 8, can not wear it and by the time I needed to wear it, it is too late to return it.

Too small"
B01DUK28MO,"I'm sure this is a good product but it's difficult finding the right size to purchase. Maybe it's the brand or how it's cut I'm 4ft 11in and 137pds

My product arrived on time and I love it! I didn't follow the size guide. I opted to use my shirt size, which is large. It fit perfectly. It's comfortable and I've even worn it on a long rode trip."
B01GF1H72Q,I bought one for myself and thought of my grand daughter.. She loved hers also
B00O3TR7LE,Such a great item. I love it. It came promptly and in perfect condition.
B00OIW12XA,"I thought this dress fit perfectly. It's just about the knees and is form fitting without being too tight. I'm 5'3 and 125lbs and ordered a small. I didn't find it to be transparent or too thin, but that might vary with color. I ordered black. I received this item at a discount price in exchange for my honest review. However, my review is in no way biased or influenced by the seller.

I purchase size small for this dress at first and it fit but i don't like to tight on me so give to my friend and she loves it. Since I really love the style and the fitting of the dress I decided to buy the meduim size which fits perfect. Im a size 3. by the way and wear size small women clothes. The dress hugs to every single curve u have so if don't like that try purchasing a bigger size and still looks amazing, classy yet very sexy without being over the top. Overall this dress is great for so many uses, you wear it to the office, go out for party, and even church. Its a very versatile piece. I purchase this dress at discount price in return for my unbiased and honest review.

bought as a work dress, but it's too loose to look chic in. I ordered a size up as suggested, which wasn't really necessary considering it was a pencil style.

Please save your money. I am embarrassed that I fell for this scam.

Gorgeous dress but unfinished. The sleeves are like shoulder garde for armor and just go way too far out. Disappointed because it looks great."
B00YTZ1O8O,"Runs a size smaller. Im normally an xl,but ordered a 2xl and it fit perfect, thankfully. Good bra support, bottoms fit well. I am very satisfied with my purchase.

Super cute. Went 2 sizes up as people recommended and it fit great."
B00VZ5QLNE,great!
B00FEBKXQ6,"Big Lie, bad quality item

When I first ordered this, I didn't read the reviews on the hoodie (or the seller), and after I did I was pretty worried it wouldn't fit right. I ordered a small, and it fit me just fine. It does look a little different from the pic (I ordered the dark gray, it is a little lighter than shown) but it still looks cute! It does take a long time to deliver though, so I would order it we'll in advance if you're gifting it.

Not the greatest quality, threads loose and thin material. A cute style though, cut well and looks classy. Wish the quality matched the style"
B00FIBPTQG,Low quality
B01DWHFXRW,"One of my absolutely favorite pairs of pants.! So comfortable and not see through !! Love the way they fit like a second skin !! Highly recommend and I'm always getting compliments !

Love these pants super cute

I love these pants. Super comfy, super cute and beautiful material. I have long legs and they go all the way to my feet. Used the measurement guide and they fit perfectly.

I Love them!

This purchase alone has resulted in my ceasing to purchase anymore clotjing via Amazon. Waste of money. The pants are completely see through. Good for nothing but lounging/pajamas. Horrible."
B0108WSTQG,"I love this as a sun safety product, but it's not strong. The sleeve ripped after just 2 wears in a sprinkler park."
B01BTI10DW,"Perfect way to hold something I'm always carrying around anyway.

I don't often post reviews on Amazon -- usually only for things that were completely awful or things I absolutely love. This falls into the second category. My daughter wanted a hair tie bracelet for her birthday and there were several different ones on Amazon. The ""brand name"" one was really expensive so I ruled that out. So I ordered a Cari Cuff and several other cheaper ones as my daughter tends to lose things so I figured having a couple backups wouldn't hurt. I also ordered one from Kohls -- it was more expensive than this one so I figured if the Cari Cuff was ok, I'd just return the Kohl's one to the store. The whole point of this is to say that this is not one of those ""I got the product for free in exchange for my glowing review""-type reviews. I purchased this bracelet along with several of its competitors using my own money. And I will say that the Cari Cuff was by far the nicest of all of them. It arrived in a beautiful gift box while the cheaper ones were in cheap plastic bags with barcode stickers on them or in a flimsy velvet drawstring bag with threads hanging out of the seams. The Cari Cuff is sturdy and a nice weight while the cheaper ones were flimsy and easily bent. The hair tie stays on it well while it falls off the cheaper ones all the time. The ends are nicely finished on the Cari Cuff while on the cheaper ones, it is like they were just cut from a long band of metal and not sanded or shaped in any way so they are a bit sharp -- they can scratch both your wrist and your laptop or desk if you lean your wrists against them to type. Comparing the Cari Cuff to the more expensive Kohls bracelet, the Cari Cuff was still the winner - the Kohls one was overly heavy and clunky and had a weird pattern design....and it was HUGE (as in probably would have fit my husband huge). No way would it stay on my daughter's wrist so I ended up returning it. So overall the Cari Cuff is heads and tails above all the others I ordered. And perhaps the best testament to that is the fact that it has not left my daughter's wrist since day 2 (after she spent day 1 trying all the different bracelets) -- anything she manages to not lose or misplace is something she really really loves. (And note: after over a month of constant wearing, the bracelet still looks brand new so the finish is holding up great.) And a maybe even better testament is that while I figured I would just wear the cheaper ones that my daughter rejected, after trying to use them all for the last month and being annoyed that the hair ties keep falling off and my wrist and laptop keep getting scratched by the unfinished ends, I am back here ordering another Cari Cuff for myself. (Happy Mothers Day to Me!) So if you are trying to decide which of the many hair-tie bracelets here on Amazon is the best value, I would definitely recommend this one. It is a little more expensive than some of the other ones on Amazon, but well worth the extra money!

I like the bracelet but the hair tie keeps sliding off.....

I ordered this as a gift and was very impressed with it: well polished, perfect size, nicely boxed and it came quite prompt. I would definitely recommend this bracelet.

Lovely bracelet. Only disappointment was I thought I would be receiving a blue hair tie as was advertisd in photo aide but instead got a red and black one. Seems it's random colors. Have not worn yet but hope it will be comfortable

Awesome product! They're made perfectly and packaged so nicely. I got 3 as Easter gifts for my 20 something girls and they loved them!

Very sturdy and a good weight. Hairbands fit nicely in the groove. Nice bonus to get two good hairbands with it.

Looks like jewelry which is great! So useful and having really long hair my wrist is often lined with hair ties for easy access...this is just as easy but love the fact its jewelry too.

Love these! Anyone with long hair knows we tend to keep our hair bands on our w"
B019C70ZA6,"This does not fit like a 3x should. It runs very small

Totally disappointed....no way to get into this garment...no zipper, no buttons....cheaply made.

Peeeeerfect!!!

This runs small. I gave away. Cheap material."
B01D2Z8A10,Really cute and fits well! A lot of people ask me where I got it
B00KGLBJM6,"This hair ties are well made the colors and patterns are beautifull. My daughters really love them.

They're good for the price. Kinda small though so as soon as you get them stretch them. Bad thing is the ones that have designs are gonna crack the paint as soon as you stretch the headband. If this are for your child, it'll maybe fit them without having to ruin the design but even if it cracks it still looks good and serves its purpose.

Stiff and not very elastic

These ties are pretty but also cheap and a bit sticky. After a few uses they roll up and the print sticks to itself."
B003C1IE0C,"This is a high quality shirt, love it, colors are bright and beautiful! I am 5'1"", 120 lbs and I bought a Large (because I think these are Jr sizes and you have to allow for shrinkage) and it fits perfectly!"
B01GRDPPVC,"Cute suit that I got for free because of a corset purchase from the same manufacturer. Fits well and does what it supposed to. I cant really complain because it was free.

Bottoms were perfect sizing, top was much too small, tiny

Awesome

Like the suit, but sizing is very confusing. Do not pay attention to numeric sizes. I normally wear a large and large fits well. Top runs slightly big. Otherwise great suit.

I am a size 8/10 so I ordered a XL. The bra area is for someone with an A cup. Also the waistband is not stretchy, so getting it over was a struggle. Might be a good fit for a teenager."
B007FBQVF0,"Good

Shrank about 2 inches in length after first washing."
B00NYKUT4K,"Hubby loves it! Nice soft fabric and colors

Fit well. Very light and comfortable with a great design.

Comfortable lite weight what I was looking for"
B005GPGSUU,"Good material, good cut & design"
B00SKJ5Q6G,So many compliments.
B015G483SA,"My grandson loves his new wallet

Very poor quality"
B008UB16V8,my son is the happiest boy in the word so i can only say that the leo messi f30 is the best
