product_id,title,brand,category,price,review
B01A0SRMJI,"Dora Bridal Women's Swimwear Knitted Crochet Tunic Cover up / Beach Dress (White, Free Size)",Dora Bridal,,,"Fit exactly as i hoped. material was actually better and soft then i expected. happy with my purchase.

too small. bad quality

Cute. Perfect for a bikini cover up. Love It ...

I was very pleased with my cover-up, the quality is great, it washes up great with no shrinking or wrinkling.

The product came in a timely manner, and fits perfectly. I was expecting a different fabric but I did not fully read the description. This is NOT cotton. I would buy from seller again, this time reading the description more clearly!

Very light, a bit large,

I returned this item because I didn't like the material. It seemed too thin and didn't stretch at all.

Very thin and cheap looking.

This is a cute coverup.

Much larger than expected and the material is very thin.

This was nothing as I expected. Had no shape and did not fit anything like the picture.

love it, but a little small

I had to give it away it was supposed to be an sx but it was huge

Absolutely love the fit of this garment. It's slightly sheer and really pretty...perfect for the beach!

The picture doesn't look like the item. From the picture it looks like it's cotton. This one is see thru and wrinkles soooo quickly. However the packaging was nice. It's just too pricey for the quality. I'm 5'1 and it was way too long. Too too long.

Just as shown! This will look amazing this summer. I am 5'7 and it covered what it needed to. I may even wear it with shorts!

Dont like the material

Love it!! Perfect length and just the right amount of sheer. Nice material.

Very cute and comfortable but a little big for 5' 4"" 160 lbs.

This looks like a cheap, thin polyester sheet with some tassels at the bottom. It looks cheap and feels cheap. For the price, I am very disappointed. I purchased this as a gift for a friend. I would be far too embarrassed to give this thing as a gift. Again, I can't stress enough that this looks so cheap!!! The quality is about equivalent to something you would pick up at the dollar store. I cannot believe anyone could give this more than a 1 or 2 star rating.

Very boxy, it didn't hang well. For reference, I'm a slim 5'10''. The length was ok, but wasn't flowy at all. I'm returning it.

Fringe is beautiful. Everyone loved the look!!

Good for bikini cover up , love it !

A bit more transparent than I'd prefer but it's a very nice product. I'm glad I bought it.

Not as see thru as expected, too wide for me.

Not sure, perhaps it's supposed to be larger? Great for the beach and light

I bought a small, but it just appeared oversized on me; it's not my style. Fabric quality itself was okay, but I returned the item since it's not what I'm looking for.

Beautiful and flattering! Looked great at the pool parties in Vegas. Hung nicely, not to clingy. I was worried being short and chunky that it would look boxy on me. Not at all!

Cheap polyester garbage

M was a good length but too wide

A little boxy but pretty

Liked the product and was able to use it recently when I was on vacation. Delivered in timely fashion.

Very pretty. Nice material. Like this because the color is neutral so matches with all swimwear."
B00IZ7ZFYG,Allegra K Ladies Batwing Sleeves Two-Way Zipper Neck Mini Dress XL Black,Allegra K,,,"send it back due placement of zipper

I love it

I had to do a return for the dress because it ran too big but I am excited to get the next size down! It was super cute!

Looks, Feels and Fits Great... At this price... it is a Fantastic Value.

Love it

Flattering for my figure. I am thick in the midsection with thin legs, shows what i want and hides what i want as well.

great seller and I love this dress

The outfits I purchase always seem to fit because I always order one size larger than my true size fit. But, that's also because I like clothes on my body a bit loose. I will say I have nothing but good things to say about Allegra K brand and Uxcell shipping brand. These companies are amazing! They provide a unique product at a reasonable price (usually with free shipping because of the quantities I order). So comfortable and of good quality. A button may of fell off here or there but always came with them all and very easy to sew back on. I do not dry any of their clothing; and because of this- the clothes never lose their shape or color. I am in love and haven't been regular store clothing shopping since I've been purchasing these brands online on Amazon. I don't usually do reviews (obviously because I end up writing a novel) but this brand deserved a review!!!

its ok

Didnt like it at all the zippers seem to fall more so i have to keep fixing them and the whole thing itself doesnt look too good, haven't worb it since i don't like it when ive tried it on.

The zipper can be kind of irritating. It will pull your hair, scratch your skin, catch on things, etc. If you're not rail-thin, this dress is not always flattering.

Live it, fits as expected. Satisfied with purchase

it was too small for a large lady, size 14"
B01DOKD9Y6,82D-8211RS-BGD Women's Rayon Span Jersey Maxi Long Dress With Elastic Waistband - Burgundy XL,82 Days,,,"I've ordered 3 dresses from this company. All fit well except this color for some reason it was shorter and tighter than the rest even though it was the same size. I didn't see any options for regular, tall, or petite so I was a bit confused as to why this dress fit so different.

I bought this dress in Burgundy. I like the fit of it very much. I'm 148lbs and 12 weeks pregnant. I bought the XL. It's a little too tight through the bust, but I wore a leopard scarf with it and it was cute. My only complaint, and it is certainly reflected in the price, is the quality of the fabric. It was already beginning to pill slightly after the first day of wear. I don't expect this dress to last more than a 6mos-year before it starts looking too worn. I washed it delicate and inside out and hung to dry. Aside from the lower quality of the fabric its a great and modest dress!

Love this dress!! It is the perfect length for me. I am 5'4"" and I can wear it with sandals :)

Color exactly as the picture, very fast delivery, I'm 5'3 of tall and I weight 250 Lb and fits perfectly fine on me because is very stretch

I wear a L/XL and bought this in an XL. It was uncomfortably tight, and I received the wrong color. I was wearing this over yoga pants in the pictures, so there is a lot of room in the skirt. It was only too tight in the waist. I will reorder this style in some other brand, and other colors, if I can find it, as it seems like it'd be comfortable in the right size."
B01F1Q3MWK,Calvin Klein Combed Cotton BONUS 4 Pairs Casual Dress Socks (Grey/Black),,,,"Great socks. Nice and comfortable, good fit too. Good quality. Calvin Klein never fails to disappoint me."
B011QXRAJS,"Miusol Women's Elegant Sleeveless Halter Black Lace Bridesmaid Maxi Dress (XX-Large, Beige)",,,,"One of my favorites!

I had to by a larger size which was still a little snug at the hips but overall a beautiful dress

I loved the dress but it was the wrong color. It was more of a peach color than a cream color like I wanted. The material was extremely soft and the dress was so comfortable.

Order 1 size up. I did and it just fit. With an under garment it fits very comfortably. Very nice material. It is stretchy so it doesn't feel like it will rip. Biggest complaint it the length. It is too short to wear with a high heel. I am going to see if a tailor can fix this. Also, it is a very light material so all undergarments need to be cream colored or they will be visible.

This wasn't painfully tight, it was snug. But it wasn't flattering at all. It is stretchy. It is also SO very see through. I saw all my undergarments and even tattoos. I purchased the beige color. I was going to use it as a back up dress for my wedding. The sash is cheap and there are no loops to hold it in place. Maybe the black is better for not showing everything.

It's a nice dress. Cute Beige color. Full lace with lining. Fit was as expected after reading the reviews. My mom is a US size 16 usually and I ordered her a XXL. Fits just right. But it's a little see-through so you have to wear something black underneath it.

I had originally purchased a big elaborate wedding dress and we ended up changing our entire wedding scheme. I purchased this dress to go better with our rustic themed wedding. I LOVE LOVE LOVE this dress. I am so happy that I was able to find this one. It fits perfectly, photographs very well and totally looks classy enough to use as a wedding dress. Its very flattering on a full figure and I'm not even sure that I will need shape wear.

AMAZING QUALITY for the price.

Beautiful dress! Fit like a glove! Just follow their size chart and you should be fine!

Beautiful dress perfect fit. Got it next day!

Very nice dress! Much heavier and nicer quality then I was expecting. Fits very well. Had to have the waist taken in a bit but material is very easy to work with. Definitely recommend buying! The only thing you may want to note is the color. It is much more ""peachy"" than I was expecting. Not a problem for me. I still love it!

Cant wait to wear my dress.

This is a beautiful dress, definitely does not look cheaply made. I'm still trying to process the price since it does not look like a cheap dress. It is way more than expected. My friend got me this champagne color to wear for my civil wedding and it's way more than expected. Just what I was looking for. I'm 185pds, 5'5 and 38d cup and the size 16 fit me like a glove. It's light weight and it's not an ichy material. It's not see thru as long as you stick to cream color under garment. The material feels really nice and it's kind of stretchy so it doesn't make you feel like you can't breath in it. Can't wait for my special day to wear my beautiful dress.

Great dress for curvy women like me but on champange color is way too transparent you will need to use something underneath but love how enhance my body shape.

Not what I was expecting. And a 2XX is very small, like a 14 probably.

Zipper would not Zip up in the back

Very poor quality not even worth 20 bucks!"
B00008JVTT,Paul Fredrick Men's Pinpoint Snap Tab Collar French Cuff Dress Shirt White 17.0/34,,,,"If you want a look that takes it back to the Old School, buy this shirt. It isn't as appreciated as it used to be, but it's just as relevant now as it was back then. Perfect with a classic black tie for job interviews. However, stay aware of the buttons leading up to the cufflinks. Sometimes they can snap off if not attended to. Other than that, a shirt of sophistication. Guaranteed.

Love the shirt. My husband loves it so much. He loves the neck and the material bar for the tie. Fits great. I recommend this product. Your husband will love it. Quality great.

Beautiful shirt. Love the snap tab collar, older ones were button tab closure which could be difficult to maneuver. Only negative is the collar which is my size but seemed a size larger.

Great shirt. Really looks nice with my suit

Fit was spot on. Only bad thing about it is that it wrinkles easily. I misread and though it was a ""no iron"" shirt, though I am very happy with its look and it feels like decent quality. Also wish it wasn't made in China!

great shirt

quality at a good price

I have nothing but good to say about the Paul Fredrick tab collar French cuff dress shirt. Shirt fits perfectly and looks very very nice!

Great quality- only type of shirts I want from now on, love that it snaps behind the tie and keeps my tie in place as well!

quite happy

Good fit, good quality. But the 100% cotton wrinkles easily.

Very nice shirt.

Very nice shirt. Fits as expected. The material is nice; light weight but not flimsy or see-through. I wish it came in a few other basic colors.

It's a great shirt, and fits me perfectly. I think it's a great buy for the price. The logistics of ordering and delivery were exactly as promised.

Pres of co..wear dress shirts and ties every day. Shirt fit great...but wrinkled fast than any shirt Ive ever seen. Will keep for only special occasions

I expected it to fit comfortably & it did

Great shirt. It popped as expected and helped me stand out amongst the crowd.

Nice shirt. Just as I expected. 5 stars.

This is a great looking, comfortable shirt, I will have to learn to tie smaller knots. The instructions are on the back of their neckties package for various styles has helped.

I say not a bad buy for not having to go into a store and try them on. THink I may buy another

Shopping through Amazon provides a large number of products to choose from and sizes difficult to find in stores. The shirt I ordered is quality and I am very pleased plus it saved me considerable time from not having to search stacks of shirts to find 171/2, 32inch sleeve.

Ive been looking for shirts like these for a while. Now that I found them Im buying in the future, and I highly recommend them if you want to look good!!!

Awesome shirt!!

like it alot

Neck size too small...

great shirts

Super hard to find this style but it is my favorite. I would recommend it highly to anyone looking for a tab collar. Heavy cotton so requires significant upkeep. Looks great on the hanger but it will be wrinkled b4 you get to wherever you are going.

Very nice dres shirt, I've been looking a pinpoint snap collar, French cuff.

Good shirt but a little too small.

Great shirt well made will buy other shirt from Paul Fredrick.

You read that right. These shorts get dirty quick and you can't get rid of the stains. Customer service also sucks too. Trust me, take a pass."
B00CBP4IW8,Embroidered Sequined Dress With Big Sleeves Purple,Back From Bali,,,"Cause it looks like a tent. I thought it would be a good bathing suit cover up, but I decided to use it as a frilly grill cover.

Cute and comfortable top!

This is a really cute cover-up! It's comfortable and just the right length for me. It's perfect for my trip to Costa Rica in May.

The color and design are very nice and it looked great on. For reference I am 5'9"" and 200lbs but very fit. It looked very sleek and complimented my curvy figure instead of making me look like I had a sack cloth on or a female version of barney the dinosaur. The on or off shoulder is a very cute feature as well. I plan on pairing it with some light pink board shorts for the beach and jean short for everyday out and about. The only downside was a very slight odor that reminded me of hot plastic, but a good wash took care of that. I am still giving 5 stars even with the odor, because it disappeared completely and I would never wear anything straight out of the bag anyway.

The one size fits great, looks great! i'm 5'9"" and this dress actually fits nicely as a large blouse!

This is no where near a dress but I expected that. I'm 5'9"" and this maybe goes mid butt. Its definitely more of a tunic style top to be worn with leggings. I ordered the purple topy for a cinco de mayo themed party and it will be a perfect fit for the occasion.

I get many compliments in this darling top. It is one of my faves.

I just recieved my order today and I love it. I'm thinking of buying one of each color.

This is a beautiful dress! I say dress because I am only 5' 2"". But it could be a tunic with jeans as well. It is getting cooler here so I can't wait to wear it with leggings and boots! The color is much deeper and the details are just lovely! I highly recommend this! I am a size 10 and my mom is a size 2, she tried it on too and it looked adorable on her too! So the one size fits all is true to this dress. My mom is going to order the black! This has moved to the top of my favorite clothes list!

I love this dress, although I wear it as a tunic since it's a little too short for someone my age (69). If I was 20, I'd definitely wear it as a dress!

I was a little wary when I purchased this top. I loved it immediately when I opened the box and put it on. It is made of good quality material and very nicely decorated. It looks great with jeans or dress pants. I would love to purchase another one in a different color."
B0163CFZSK,"Warrior Alpaca Socks - Fancy Dress Socks - Designer Series""Shoshone"" Indian Alpaca Wool Socks - Unisex",Warrior Alpaca Socks,,$19.99,I love these socks. The feel and colors are wonderful. I have neuropathy due to cancer treatment and these socks are much more comfortable to wear than cotton or wool.
B0181SEKKI,"Hellomamma Womens Cap Sleeve V-Neck Plus Size Lace Bodycon Cocktail Party Dress (XXL, 028Purple)",EAST KNITTING,,,"stretchy and fits ok

love the fit and feel.

Run small by at least 2 sizes

Nice

Pretty and fits perfectly.

Cute dress but way too small.

Very comfortable

Fits perfect material great

Garbage, do not buy

This dress is very small there was no way I could use

Very cheap material, but what do you expect for something that I got for $8. It is very nice though. Fit is good. It is pretty.

I ordered the 3 x I'm 5 7"" 180 lbs and went with the sizing online. The lace on dress is raw edged so that might be a problem with some people but real nice color"
B00NHE2DLK,"BININBOX Women's New Korean Style Fake Two Pieces Floral Dress (M, Dark Green)",BININBOX,,,"worn this several time with many compliments! might not be superior quality, but its a fun dress!

the fit was not like in the picture, I'm 5'4 and 120 lbs and I got a medium, the sleeves were too short (that's probably why she has the sleeves rolled up which is how I had to wear it). The ruffly first layer was like 3 inches higher than on the model and when i washed it one time it went up 3 more inches.. not wearable for me anymore. pretty much wore it once and that's it. I would go up a size or two if you really like it. it also took a really long time to get here and smelled kinda weird. The pinkish spots that are all over it were I guess painted on, not what i was expecting. I thought those designs would have been part of the fabric itself, just dyed pink, (if that makes sense), the painted on design made it look cheap.

I am wearing it today. Love the color, looks so cute with green tights. So comfortable and warm."
B00IOJBKIA,Hot Goddess Hollow Sleeveless Summer Chiffon Maxi Party Cocktail Long Full Dress,TRURENDI,,,"this is not chiffon but nevertheless it's a beautiful dress. Look so good on with a belt like the picture and it's comfy too. I will recommend the purchase, it's not expensive at all and looks just like the picture. by the way looks sexy ;)

The material is good, not chiffon but not cheap looking. the fit is good, i normally wear small and it goes well with a belt. i'm 5'7"" and the length is exactly half inch from the floor. i love it! Great deal for the price

I hate it"
B01CQRZ9J6,ROMWE Women's Summer Casual Cap sleeve Jersey Shift Mini Dress Grey M,,,,"This dress is so soft and comfortable. I could stand for it to be a bit tighter of a fit, but I think it was made to be a little slouchy. Overall, I'm satisfied. I am 5'2"" and about 135lbs and ordered a medium.

I have had good luck with other ROMWE clothing but this one was a dud. Much too small and the fabric was thin and scratchy. Also, the seams on the bottom were a little uneven. It's not super noticeable though so I gave the dress to my stepdaughter and she wears it sometimes.

This dress is a super soft jersey material. It is so comfortable and great for casual wear. It can also be dressed up with leggings, scarves, statement jewelry, etc. I ordered a Medium and it fit like it should. If you want a more flowy fit, I suggest ordering one size up. The material, though soft, is very thin. I would suggest wearing an undershirt, nude underwear, a slip, or something similar underneath. It would also work well as a swimsuit cover up. I received this product for free in exchange for my honest and unbiased review, but all opinions are 100% my own. I welcome both positive and negative feedback. I did not receive compensation or payment in any way.

I love this dress! It's exactly as described and pictured! It fits as expected I got a medium and I wear a medium and it fits great! This dress is so supper soft it feels great while I'm wearing it. The material is very nice quality and The stitching is also a quality job. I love the length of this dress I can wear it by it self or with leggings and either way it's supper cute! I think this is a great quality dress for the price asked. I totally recommend getting this dress! It's perfect for the summer or fall with a pair of boots! I love this dress! I did receive this product at a discount of free in exchange for my honest and unbiased review and all opinions are my own.

A little thin in the top but it's probably because my boobs are big. Love it though

I love this dress. It's so easy and flattering. I am just shy of 5'4"" and it hits me right above the knees. It's work appropriate and I even paired it with nice accessories and shoes for a wedding. That said, it's my go-to Saturday dress. The only reason I'm not wearing it right now is because I wore it all day yesterday. Great dress, wish I could find it in other colors. Recommended."
B0165GAA5M,Bluetime Women's Loose Long Sleeve Stretch Short A-line Dress Tunics Plus Size,BLUETIME,,,"Pictures do not represent actual product. Not happy with product at all and will probably never wear it. It shipped from China so good forever to get here. I do not recommend this.

The quality seems good but the size is awkward. It's much smaller across the shoulders & in the arms than you would expect for length & width of the base. Overall it was a disappointment.

The cut on this dress is really cute. The neck is a little small/snug and it's short. I bought it in 2-3 sizes larger (knowing Asian products are usually quite small) and it fits but the material is pretty cheap though thick. The color if really cute though and the unique style is cool. I wear it quite a bit. No real compliments but it's comfortable. Don't think I would buy it again but it's cute enough to keep.

I read the reviews so I ordered size XXL... I normally wear a medium. Not worth the wait. Very cheaply made. Crappy material for sure. I should have listened to all the crappy reviews"
B01DY6OPCK,"Lookatool Women Casual Short Mini Dress Denim Jean Belted Dress (S, Blue)",Lookatool,,,"It was exactly what the picture says the dress just looks different based on your silliuette. But I love it and will be ordering again

it doesn't look exactly like the picture of the model but its still very cute and comfortable.

Cool and nicely fitting.

You ultimately get what you pay for. The material of this dress is something I've never felt before. There are no tags either. Upon arrival it smelled horrible I was scared to even put it on my skin. It smelled of mold, like a strong chemical, i don't know what the odor was, but it was not good. Almost as if it had been sitting in an old wearhouse for years. I also recieved the wrong size. I emailed the sender immediately. They were the nicest most professional sender I have ever dealt with. They apologized. Explained that the item was shipped from overseas & was packaged to endure the travel, & they would send another item in the correct size. I was not charged for the replacement & not held responsible for returning the previous item. When the new one came in I was very pleased to say that the odor was no longer a part of this newer item, the fit was outrageously comfortable & I received compliments literally everywhere I went. I wore this dress on one of the hottest days in Chicago & the material kept my body breathing. It was worth the money paid. Also can be worn without the belt. Does not look exactly like the pic. More of a jean like stretchy material. This item stains easily as well but honestly well worth the amazingly low price for cheap & cute comfort. The belt is not attached it comes separate & must tie your own bow. I was unable to do it like the pic so i rocked it alone & just as pretty.

Super ugly..:( get what u pay for

sexy

Love the dress but I expected the bow to be attached and it's not but that's okay because I figured out to make a perfect bow.

Color is not like it looks

I wear it with shorts because its really mini. For the price I got my monies worth. wore it to beach 3 times already and would wear it again. I can never get the tie to look like the pic though

First of all this dress does not look anything anything like the image shown. This dress runs large and is made out of a very very cheap material. I order this dress July 21 and it got to me August 4. I am 106 pounds and i wear a small but the small for this dress was too big for me. Guys i advice you guys no matter how cheap it might be please do not spend yourll money on this dress cause you guys will have the problem to try and ship it back to them and wait for yourll refund back so please try to stay out of this. I will try shipping it to them today cause this dress is not was i was looking for. The color shown in the image is totally not what that comes to you. The color they send to you is like a old blue color dress. The Dress comes with a piece of cloth to do i do not know what. Anyways guys please don't waist yourll money and time buying this dress. Thank you.

Super wrinkled but very cute on!!

The material is obvious it is not real jean material however it is a sexy dress I wear to the beach"
B01DYAU1SS,Mansy women's Swimwear Knitted Crochet Tunic Cover up / Beach Dress,Mansy,,,"its tight st the bottom hat to alter it a little

Really cute. I bought it as a gift for my sister. Its a beautiful color.

Not for tall girls

Very comfortable and flows nicely. The fringes do get caught on my jewelry and if you don't like things that are see through this is not for you. I do really like it though and have already received several compliments.

My wife loves it to cover her booty.. Even though I don't want it covered!! Lol

Nice but very small. I would say it's size s

I haven't had a chance to wear it, but with trying it on it seems to fit.

Not at all what I expected. The model must be under 90 pounds and under 5 feet tall."
B01GW6X1O2,HyBrid & Company Womens Grommets Metallic Midi Dress KDR44184X Black 3X,HyBrid & Company,,,"Soft and loose. My daughter loves them. They are light weight for sleeping in.

Very cute dress. I'm very happy with the quality and the price."
B01AHUVBSC,"JUESE Women's 50s 60s Vintage Cocktail Rockabilly Swing Party Dress (XL, Light Sea Green)",JUESE,,,"I love this dress, it fit well (though a little large). I'm typically a 10-12 but I have small shoulders. I felt great in it, and the quality was much better than I anticipated. I plan to get more."
B01DTLCY5K,Sol Clothing Eyelet Gauze White Sundress (Medium),Sol Clothing,,$79.96,"Cute, well-priced summer dress. Unfortunately it runs very small."
B00MNZGLP8,Sannysis(TM) Lace Backless Halter Babydoll G-string Dress (White),Sannysis,,,"Be careful ordering from overseas. Everything is MUCH smaller than here. Doesn't fit, too expensive to send back

Product made poorly fits Nothing like the photo

This is a very nice feminine lacy outfit."
B01GKKKCKG,Sexy Asymmetric Stretchy Body Wrap Fitted Tie Dresses,,,,Love it
B010S6CL9I,Sexy Short Sleeve Irregular Hem Side Slit Women Clubwear Mini Short Dress,QIYUN.Z,,,"Love the way it fit but its short on me and I'm 5'1

Very good"
B00VN22FQQ,RJC Women's Maui Hibiscus Rainforest Escape Tea Length Hawaiian Muumuu House Dress Black Small,RJC,,,"Love this dress, perfect for Lula events.

Read the reviews on size so I ordered a size smaller"
B01EC81U8G,Topa Girls' Zootopia Dress Cotton Pink Judy Rabbit 6,Topa Zoo,,,"Its smaller than I expected The material quality is average But my kid liked it

This ""dress"" is more like a top than a dress. The bottom Tulle is not lines so shorts or pants are needed. That being said, Judy is cute and the pink color looks same as what is posted online. My daughter wore it on her birthday and she loved it. The material is not thick and the top is long but not wide compare to American sizing.

Way too short to be a dress. Fits fine as a long shirt but had to have shorts on under it. Overall I love it but it is not a dress.

Looks like Judy Hopp. Good picture. Cute slogan and my granddaughters will enjoy.

It was a little small"
B00RIWB12O,"MTRNTY Women's Maternity Casual Chiffon Summer Dress 1016, Beige, Large",MTRNTY,,,"Great fit, however its pretty short for a dress. I use it as a shirt

I wouldn't even give 1 star. Ordered xl which I usually wear L. Way too small. It's not even a dress, it's a shirt/blouse. VERY cheap quality. Maybe worth $10"
B00SXU0J7I,"SheIn Women's Pink Sleeveless V Neck Bodycon Dress(M,Pink)",,,,"Yeaa its alright, its kind of tight. It didn't really look that good on me because of my surf board body shape but that's not their fault. Good job though.

This runs very small and I highly doubt I'll wear it out anytime soon because of it

It's a really nice dress. Good quality but it's a little see through so you might have to wear shorts underneath. It definitely runs smaller so I would recommend going a size up. I'm usually a small but ordered a medium. When I first got it it looked big but it wasn't.

Pretty but ridiculously too tight - sizing is crazy

Very very very short in the front. Also somewhat see-through in the back. Quite cute on though.

It looks great once it's on! But I am normally a small so I went a size up to medium and couldn't get it over my head to save my life and it was hard to step into it as well! The back is see through

I like this dress, however the fabric is a little on the polyester/cheap side... But the look is still very sexy and I will wear it out!

So nice n fitted

This dress is gorgeous! I'm 5'7"", 125lbs, slim/fit... I ordered a size medium thinking I couldn't possibly be an Asian size small, well the dress is too big on me around the waist and hips, plus it droops funny in the back. I just reordered because the dress is beautiful and good quality for the price, the black panels are in the right place to give you a slender figure.

I am a size 0, 5'3 & 120lbs and purchased the medium due to reviews. It fit perfect! I had so many compliments and have recommended this to several of my friends!

Material was similar to a dishcloth.

This dress is gorgeous! The materials are soft and strechy... I love wearing this pink color dress, my friends gave me great compliments!

My wife loves it!"
B01AUNUCDG,HTYS 2016 Gradient Color Prom Evening Dress Beaded Ball Gown HY044,Htys,,,"Fits great! Minor adjustments needed and shipped when expected! Beautiful dress!

Everyone loves this dress. I did have to have it altered as it was a bit too long and too large in the bust. But I lost some weight between ordering it and it arriving so not the company's fault. Quick delivery and great quality.

The straps along the back where snapped into place. The shoulder strap that these snapped into was too long so this caused the front top to hang way too low causing some issues."
B01FHSQ6D4,"FEITONG 2017 Kids Girls Floral Butterfly Print Princess Dress (Age:7-8Y, White)",FEITONG,,,"Cut way way too small

I purchased a size 8 and it would only fit a child less than a year old.

The dress is very cute, but I ordered a size 8 and its more like a 4t. I'm going to give is to my niece. I was super bummed.

Very small

It is a nice dress lined with a thin layer of cotton it does not have a tag explaining the material and care instruction. It took about a month to receive this dress and the print is slightly different from the first image. It is exactly as shown in the 3rd one.

fits nice, perfect dress for the price. I ordered the white dress with blue ribbon, it is true to color."
B01HGTJ562,Dokotoo Womens Vintage Sailor Stripes One Piece Skirtini Cover Up Swimdress Large Black,Dokotoo,,,"I ordered this in a larger size because i jave a large bust (38DDD) and it did not provide any support. Over all the swim suit was cute but cannot use.

Really cute and great fit. Better than expected. Very pleased with purchase. Even purchased one for a gift for my aunt and bought another for myself."
B01DSTFLKI,iRachel Womens Shaping Body One Piece Swimdress Elegant Monokinis Swimwear Swimsuits,iRachel Womens Swimwears,,,It's very pretty and have good tummy control. It makes my belly looks a bit smaller. Beautiful design and fabric.
B00JZ9M53M,VILAVI Women's A-line One Shoulder Short Tulle Crystal Homecomng Dresses 2 Red,vilavi,,,It arrived earlier than the expected arrival date. Beautiful quality and fits perfectly.
B015J4T7SW,Womens Plus Size Round Neck Appliques Formal Party Dress JS7555-5 US 16,,,,This dress is so much more beautiful than the picture
B00KIULQKK,Sharp 2-Piece Double Breasted Men's Pinstripe Dress Suit - Black 40L,Triple Blessings,,,"Would have been great, but way too small - pants cannot be a 34 - unfortunately, my husband had removed the tags before trying it on - now what do I do with it?"
B01C1MXRWM,IDIFU Women's Tropical Backless Slit Floral Print Chiffon Maxi Dress Blue Small,,,,Loved it great dress
B01532ZLZS,Angcoco Womens Fashion Organza Multi Layered Sleeveless A Line Dress,Angcoco Womens Dresses & Skirts,,,Com with different look
B01G6YLCEQ,"Coralup Little Girls Skirt Cotton Dress H002 (4-5 Years, Navy)",I Go,,,Lovely dress. Fits perfectly to my little girl.
B01E16S7KI,"Moxeay Boho Vintage Women's Chiffon Deep V Neck Floral Back Cross Dress (X-Large, Floral)",Moxeay,,,"Very nice looks just like the picture

OK quality. But for the price i wasn't expecting great quality. its a nice dress, but im sure it won't hold up long."
B00E1DA2KK,New Design Smart Women Sexy Lace Back Lingerie Pajamas Dresses,asoidchi,,,"It wasn't what i expected is to small..

Good for the price.

So good........ Thanks

This was the absolute best purchase for the honeymoon! So perfect fitting and provides just the right level of excitement for a husband, as well as the right comfort (material) for the wife.

It is on the smaller side of the spectrum but for a petite wife, it fits on her just fine. A happy husband here when she wears this robe around. :)

I like the material. It doesn't feel cheap, it is soft an silky. The lace is sexy, and the sleeve and body length is great. The only problem is it is very small in the waist area. I am petite, 5'2 120 lbs very fit, and it just barley fits me. So unless you are my size or smaller, don't plan on wearing it tied!

As soon as I received this in the mail I was so excited to open this and see it .This Black robe is Beautiful looks like the picture even better in person .This robe comes with the belt and a pair of G strings the robe is silky and has beautiful lace in the front and all down the back the detail is so pretty it is a short robe as shown on model I ordered this for myself but I like it so much I am going to order one for my daughter as a gift .Also want to mention the seller asoidchi is a 5 + star seller though it comes from far far away it arrives super fast this item took less than days along with other things I ordered from this seller."
B00BTGJH6M,Elegant Gold Button Chiffon Pleated Dress with Belt Pink 8P,Eyekepper,,,"Ordered it in pink, got it in green. Also does not look like the picture.

This was a nice dress. I wore it to a wedding and it was cold outside so I had to wear boots and boot socks.

The buttons look kinda cheap. The waist is not like the picture, it falls below my chest, so it just seems I am all chest. UGH"
B01EOBHCH4,FQHOME Womens Wine Hollowed Back Maxi Jersey Dress Size S,FQHOME,,,Pretty revealing dress runs very low on hips .I liked the red color but did not like the mermaid bottom I think a slit on side would be better style.
B00JH7AUFC,Simplicity Women's Soft Silk Batwing Sleeve Pajama Nightgown Dress (Red_XL),,,,ordered one size larger fits great. Time will tell about the endurance but very nice so far.
B00W8THG1W,Women Sexy Print Stretch Bodycon Front Split Party Cocktail Pencil Dresses,,,,"The material is super cheap, way to see through. Waste of money"
B01CXUXE84,Roswear Women's Sexy Plunge V Neck Belted Wide Leg Jumpsuits Dress Light Blue Small,roswear,,,"Love it!!

I love it"
B01FDKIVRA,Olivia's Sparkly Crystal Illusion Top Purple Mermaid Evening Dresses 2016 Prom Gown,Olivia's,,,"Im surprised with this dress!!!! Really beautiful!!!! Good quality!!!!

To small dress is beautiful but it didn't fit"
B00RZ5IDMU,"Womens Half Sleeved Bright Colourful Dress with Belt (MEDIUM, E-Flower-Blue)",AM CLOTHES,,,lots of 'straggler' threads
B01D00HI10,ZANZEA Women's Sexy V-neck Short Sleeve Boho Floral Printed Split Hem Maxi Dress Red US 10/ASIAN L,ZANZEA,,,Completely sheer! Have to find something to wear underneath. It is cute though.
B00W1F4HCY,"One Piece Floral Ruched Halter Push Up Slim Tummy Control Tankini Swim Dress [ Brand BOX ] (M, Red)",Brand Box,,,"beautiful swimsuit, my sister love it every time we went swimming she want me to let her wear it, always say no so she finally buy herself one.

I am 5'5, 136 lbs. I studied the size charts and read reviews and got the cutest swimsuit ever. I normally wear 5's or 7's so I ordered an XXXL. It's perfect for me. I do have a 34D bust. Couldn't be happier.

This is the cutest swimsuit. Very bright and beautiful. Fits perfectly. Very good quality. LOVE IT! Seller is great! Quick response and mailing. Will order again from this seller."
B0144O7Q72,Dressdown Piano Keys Colour - Mens T-Shirt-Royal Blue-XL,Dressdown,,,Great t-Shirt for a keyboard player
B01EHI4J02,LanierWedding V-neck Beaded Mother of the Bride Dresses Long Mermaid Evening Dresses,LanierWedding,,,"I ordered custom and fit was horrible! Top was large,hips too tight. But, they are very accommodating. I asked them to add a sleeve before I obviously knew how the fit was and they asked me to send a picture. I did with my measurements & they were too long as well as they lined the lace which was not attractive. Also they covered the buttons in a blue satin which really cheapened the dress and shouldve had lace over the satin. Unfortunately I won't be wearing the dress for my sons wedding as I anticipated it would be perfect."
B00MQS81AA,"Mens Botton up Inclined Type Dress Shirts,Medium,Blue",Fancy Dress Store,,,"Not good Quality.

I purchased this shirt months ago...I ordered a medium, it was too small...I tried to make it work because I liked the shirt so much but ended giving it away and taking the loss...saw the shirt again and ordered a large this time.....the shirt I received this time was the same exact size as the medium I gave away....even though the label on the package said large, this time ... It was no larger that the medium I ordered months ago!!! Total Waste of Money!!! Total Loss of customer!!! Bad as in Not good.....Just looked at my history with this company and saw that EVERYTHING I ever got from them was UNSATISFACTORY!!!"
B01CU25FFU,Retro Style Full Circle Garden Party Dresses Color G Floral 3# (XL),GK Vintage Dress,,,"Item is not true to size and has a weird tight lining in the bust. SAdly I kept it and it's collecting dust...

First, these dresses are dry clean only. Second, they're lined with a stain around the bust which makes it ride up. The zippers are the worst though. I bought five of these and three of the five have busted zippers. The zippers that don't break will become unstitched at the waist.

I am a regular dress size 16, and I ordered an XL and it fits very well. I had to deduct one star because this dress displays too much cleavage for my comfort level and because the zipper is very ""sticky"" and doesn't open or close easily. Overall I am thrilled with the heavy cotton fabric, the full skirt, and the good fit. I'm sad I can't wear it as is without being VERY risque, and have worn a cardigan over it which covers the pretty sleeves and princess style neckline.

The most beautiful dress ever. Makes you feel like a princess"
B00GRVH1NA,"LibbySue-Cashmere Blend, Designer Inspired Plaid Wrap, Shawl Pashmina (Light Tan)",LibbySue,,,"Beautiful and so soft!

Looks exactly like the picture and arrived on time. Was packaged nicely and smelled brand new but it had two, dark, quarter sized stains (actually just one, that bled through to the other side) and there were a few parts where the fabric was starting the unravel and little fuzz balls were already forming. I can see this happening after a wear or two but it shouldn't be like that straight out of the package. But it was like 15 bucks so I guess I can't really complain.

The scarf is more than I expected. Texture was fantastic and very comfortable. Very soft and very warm. Great product."
B00RDBBT22,"Dreams & Co. Women's Plus Size Maxi Lounger - Paradise Turq Tie Dye, 1X",Dreams & Co.,,,"Very comfy, fits perfect. I feel ""dressed"" when I leave my dog. Not like I'm standing outside in a nightgown. Will be perfect for camping too.

I love this, it's very comfortable but it turns me blue, even after multiple washings.

Liked the looks of this maxi lounger but ordered too large. Have reordered a smaller size. Color very pretty, well made, soft.

Great Caftan. Since I retired I wear these around the house and feel very covered when answering the door or unexpected company. Plus it is very good looking and well made.

Soft breathable cotton fabric that is flattering & comfortable. Well-made (not thin fabric). I love the calming blue color."
B00D3Q77JU,"Zenana Women's Cotton Spandex Jersey Camouflage Leggings, Olive-Small",TheMogan,,$9.99,"Got these for my wife and she loves them! They fit as expected and didn't change after being machine washed. Good stuff!

Great leggings for under long shirts. Too thin to wear alone. Very comfortably and the fit is good.

Exactly what I wanted and they are not see through which is awesome

I always preferred spandex leggings because they just grip me right and give me room to be flexible. And I think I still prefer them. These cotton leggings are nice, definitely, but they're not thick, and make me feel like I'm wearing nothing haha. Fortunately they're not seethrough though. I like the camo print; it's good quality. And the fabric so far has not let me down these 2 weeks, so these are good sturdy leggings for the price. might have been 5 stars if I wasn't already biased towards spandex.

A little see thru, but will work for what I need them for.

nice one. Happy with the purchase...My wife likes it.

Fast shipping , I'm 5""7 and it was a bit too short for my liking. have to roll into kaprees. other than that they look & feel great !

I wish they sold plain black because the fit and material is really perfect for me. I am 5'5"" and 105 and the small is perfect. I ordered a second pair because they're so great. Fast shipping .

A little large in the waist but otherwise good. Quality was great. Would order again and recommend this product to others.

Color is nice, it fits fine, but the material is a lot thinner than I was hoping. I got a small and it seems perfect, I'm a pant size three so it's a bit tighter than some would prefer I'm sure, but it works for me. I think it is slightly see-through. I wouldn't buy again, or recommend it unless your intention is to wear with a tunic or something longer.

I love these, the material is a little thin but i still LOVE them! They do stretch out after a couple hours of wearing them though.

way too small. for a child size

I love these leggings! They are soft, fit perfect and are so cute! The only reason I didn't give 5 stars is because they are very lightweight, which is fine, but I haven't had them long enough to see how long they last, but with that said for the price, who really cares! So inexpensive! I wpulod definitely buy from this sight again and if the leggings do rip or wear quickly, I would order them again!

Very good product, Saids my wife

The material is really soft and it fit as expected, but it immediately ripped after wearing it just once. :(

Really bad quality !

most comfortable leggings i own

So soft & comfy and fit great! Was hoping I could wear them to work out but they are somewhat see through so unless you wear a long t-shirt I wouldn't suggest wearing them to work out. Still love them and they are super cute!

Best pants! Fit so comfy, they are thin so don't wear in the dead of winter. I love them!

Well made

Perfect fit, comfy and great price for the value

You can see right through these

Good leggins

Fit just right and the leggings are super cute! Not too thin like some leggings.

They are very thin, and need to be washed after each use because they stretch.

Looks great on my wife, she absolutely love the material

Great comfy

I wear lots of camo... pants, shorts, tee shirts and jackets... these leggings fit me well, and fit right in.

Love these leggings. Good price and look fantastic.

I returned the product, because doesn't was that I expected. Diferent brand, less quality than I saw in the picture.

Super Soft, Super Comfortable, Love Them

BEAUTIFUL

great leggings !! run a tough big tho , i'm 145 lbs 5'5 female with a big booty . they fit well but i ordered a small & they were a lil big . not see thru unless bending extremely far down . overall good leggings

Love love love these leggings!! They are so comfortable and cute!

Worth it

I love these leggings! They're not too thick, not too thin. They me perfectly. I wish they came in other colors and designs, because I'd buy a lot more! They are super comfortable, but probably a little thin to wear w"
B01DMVK3EG,AME Sleepwear Nick Jr Shimmer And Shine Toddler Nightgown for Little Girls (2T),AME Sleepwear,,,"The sleeves are made of a mesh material with glitter so I don't think it is as comfortable as some of her other pj's.

Pretty..but too small."
B01ESBNA9O,"Collared Neck Button Down Waist Length Denim Jackets, 101-Denim, XL",,,,"Love it but it won't close too small

I love the jacket but it fits small for the size

This jacket fits as expected, flexible and comfy! Good buy!

Feels just generally cheap. Literally zero percent denim. A little boxy and short... Just not great.

Love it. I'm a 36 DDD so it's hard to find jackets that fit right. its super cute and kinda stretchy. My pic is just a selfie I took but since you can see the jacket in it a bit, I added it

Let me start off by stating I'm 5'6"" and 175lbs. I ordered the XL because my sole intention was to wear this over hoodies for a cute layered look and I also kept in mind denim jackets have a reputation for not stretching that well. However, this jacket has a really good stretch to which is amazing cause it makes it so comfy and I was worried it would be too tight in the arms. I'm really glad I got the XL though since I am wearing it over hoodies. If I was wearing it like a normal person the Large would probably be more than fitting if not the medium even if you're wanting to wear it tight and accentuate your waist. I think how stretchy it is really helps conform to your body. Also for any further reference about fitting like comparing my sizing to yours if we're similar...my bust is 37inches, waist 27, hips 40/41, I usually wear medium size tops from Victoria's Secret and their hoodies in a large(popular store I could think of that most people would be familiar with sizing). My picture I show wearing it with a pink hoodie and then I show it with me wearing a red shirt. It wears a little big with just my shirts but again that's because I purposely bought it bigger. If you're my size I would definitely be getting a medium or large.

Love this jacket, it's stretchy & comfy

This jacket fit really well, it is a crop jean jacket with a ton of stretch! It is extremely comfortable and lightweight, perfect for the summer. I am glad I purchased this rather than a heavy denim jacket."
B0124CVSIE,"Leveret Baby Boys Girls Cow Footed Sleeper Pajama 100% Cotton (3 Years, Cow)",,,,"Good thin fall PJ's

These are adorable! Love the cow print

my 3 year old grandsons favorite, wash up nicely, fit nicely

My granddaughter loves these. As always, Leveret has provided a well-made, good-quality fabric pajama. Thank you.

Great PJs!

My family loves the Leveret pajamas, but buyer should note that all Leveret pajamas are cut slimmer fitting than many brands. This has worked well for our tall, lanky sons, but would not work well for huskier babies.

I bought these in 3t for my 18 month old that barely still fits into 24m/2t pjs. They are a little smaller than Carter brand (which are big on him) but still leave a little room to grow.

Bought 3T. Feet are so small looks more like 2T

Great material. Fits snug like it's meant to but has some give to the fabric. Absolutely love it!

I've had a few pairs of Leveret pj's for my 2.5 year old. They are comfy, patterns are cute and I like that they do not have flame retardant chemicals. He is a somewhat tall kid and 3Ts are none too big.

These are great. My son is tall for his age so I order a size larger. They shrink a bit so in the end they're perfect."
B00NAG69YW,Azkara Women's Militray Anorak Drawstring Parka Jacket with Hoodie Olive,Azkara,,,"I read the reviews before I bought mine so I automatically sized up to a large, but I usually wear a medium or small jacket and I'm 5'1"".

Very cute but very small made. Had to send back.

Love this coat, It is not warm in the least though so if your looking for warmth go elsewhere, but if you looking for fashionable and stylish get it. :)

I'm a medium/large so I ordered a large and it fit perfectly.

The quality, style, fit and color are all excellent. I wasn't sure if the quality would be good when I ordered it, but it's wonderful. I love it. Very comfortable, stylish and well made. My 13 year old daughter loves it too and keeps borrowing it (maybe the only bad thing about it!) Highly recommend!

The jacket is super cute but is definitely made to fit juniors, I wear a medium (occasionally a large) in women's and it was too small. I ended up giving it to a friend that wears a small to medium in women's.

I live the jacket, but it is to small.

Doesn't look like the picture and it fits good every where but the bust.

I LOOOOOOOVE this jacket! Perfect for the fall. Nice big hood, synching at the waist. It's peeeeerfect and super cute! I got it in a large because I love to layer my clothes and it still doesn't look like it's too big. I love this coat! You won't be disappointed. The color is also great. I've seen these jackets everywhere & every jacket that I've seen is like an unattractive washed out olive color whereas this one looks exactly like the picture. Absolutely no complaints here!

It's comfortable , but couple days later , I found a tearing spot under the hoodie .

Love this coat! I'm a shabby chic girl, nice boots, layered tops, muted colors and this jacket goes with almost everything. Looks great with a scarf or without just to knock around in. I like that the pockets snap and I can secure things like my phone or ID- I may buy a second one because I love it so much

Not the right size

Great jacket for the fall.

I ordered a large rather than med since I read it ran small. Fits fine. My daughter is 5'5"" 130 lbs.

Love the jacket! Exactly as described, and really stylish.

My daughter says she read the reviews and ordered the correct sizes - she gave it 4 stars because the material is stiffer than expected not ""comfy"" - but it looks great!!!!

This jacket is fantastic quality, but it's a little snug for my liking. I ordered a large and it matched very closely to my measurements (chest 38-39 hips 42-43 waist 33-34) I'm also 5'6"" and about 160 lbs I just personally prefer my jackets a little on the larger size, but besides that this jacket it great quality! It's a nice material and it's not too thin and not too thick either, would be great for layering. It's just like it was pictured (i got the 65543-OLIVE) It also came pretty fast! I ordered it the 27th of August and it arrived the 31st when it wasn't supposed to show up till September 3-4 So id recommend it as long as you are my size or smaller

I'm normally a medium and ordered a size up. It looks great and everything but it's a bit tight in the shoulder area if I have to lift my arms up or anything.

Great quality jacket. It runs a tad bit small in the shoulder arm area. Unless I have big shoulders. I normally wear a med. but decided to go a size up and worked perfectly. Very cute and for the price it's even better.

super comfy, I usually wear a Large but I have broad shoulders & a size D bra so it doesn't zip right, I would've gotten a 2XL & just dried it until I liked the fitting without it being too snug or to big."
B00R6ZOQHA,"Wrangler Men's Advanced Comfort Regular fit Jeans (36X29, Midnight Denim)",,,,"Wrangler Mens' Advanced Comfort Regular fit Jeans are comfortable, good looking, long wearing, easy to wash pants that are resistant to visible stains"
B00411FXXS,Santa-100 Costume Accessory - Medium,Pleaser,,$65.95,"My husband didn't think he needed Santa boots for the Santa-Thon, but as it turned out the weather was quite cold and these were warm and comfortable. Well worth the price according to him, now in storage for next year.

Made the outfit! Loved them"
B00V7IVBIY,Disney Minnie Mouse Girls Winter Snow Hat and Gloves Set - Black,,,$16.18,"Granddaughter loved it

These Minnie Mouse hat and gloves are too cute for words and made with excellent quality. I think they would comfortably fit a 3-7 year old. My daughter loves them and looks absolutely darling in them! <3

Cute, simple, pretty much as pictured. My little girl loves it although it's rather large on her. She's almost 6 and could pull this down to cover her entire head like a ski mask."
B011FBV7AE,Perfect Pairz Pebbles and BAMM BAMM Halloween Coordinates-Sold Separately,Perfect Pairz,,,"I loved everything about this costume, except that the snaps were the plastic kind. They just don't stay clasped well. Metal snaps would be a huge improvement.

Very cute and fun for my son. I really liked how the snaps for the bone sash were put together. Thank you!

My son is about 2 1/2 about 30 lbs and the bam bam fits perfectly. It's made well enough with felt fabric and triangles felt secure. It was nicely packed and very unique. I love it and my son is very happy and comfortable in it. A winner!!"
B01HEZ3QUO,NITAGUT Men's Linen Casual Classic Fit Short Navy Blue S,NITAGUT,,$9.99,"Love these. They are so soft and comfortable. I bought two more. Update bought two more!! I love these shorts

Great fit, light weight, plan on buying a few more pairs.

Feels and looks like I'm wearing a paper bag as a pair of shorts.

I love these, I wear them around the house and out running errands. Can I get a pair of the grey ones in a small? Thanks.

Great fabric, nice combined cotton/linen texture with a touch of spandex stretch, front pockets are lined in light nylon... all very comfortable, breathable in the heat and dry quickly. Back pocket is kinda small, agreed. The fit is somewhat off, but if you prefer longer shorts or are willing to hem them, it's totally worth it to go up a size and get a deal on comfy shorts which strike a nice balance between classy and casual thanks to the look of the fabric and understated sewn in cuff combined with elastic waistband and drawstring. I normally wear 32x30 pants and found the small to be the best fit. Crotch fits fine, however, the leg lands just at the top of my kneecap, or more where shorts with 11"" inseam would land on me. I don't prefer this and will have them hemmed to around 8 or 9"" inseam, but I'm happy with the value and they're certainly wearable as is.

stretchy breathable linen... my husband loves these shorts!

Fit like they are children's sizes

Exactly as described. Nice fit and color too.

Love these shorts! Want to buy so many more!!"
B00H8XSMNY,"Luvable Friends Rubber-Grip Sole Socks, Stars, 12-18 Months",Luvable Friends,,,"This product is good for the little beginner as he or she starts walking, so they don't slip when standing. The fit was good and also keep the feet warm. Would recomend to use these. The price was a good price and would buy again when needed. Thank you, Dorothy Anderson N. Dak.

this comfortable looking sleepers help my baby to have some grip on the floor but ones washed the material got little balls and then keeps coming loose sliding to my baby's heel , constant problem so we don't use them as much because i have to keep adjusting them .

These did not have the same strength in the sock that skidders brand has. They slide off of the foot and take constant adjustment. I prefer skidders.

Got these for my boy he was learning how to walk and hated wearing shoes, Great transition into shoes.

We found that the product is not washable, not really. A spin in the dryer on no heat still produces a smell, a turn out of the washed and damp socks produce wet baby feet. Took days to dry. We don't recommend, but other people may have had better experience, the quality is good, and they are well made, but they make our baby's feet sweat-thus needing a wash, after which they will not dry.

Very cute and they actually stay on my sons feet, and look like they're comfortable too!

I purchased these for my grandson when he began crawling to help him get the extra push he needed. They well.

We love these shoes for the little guy. He is just walking now and I am sure he will grow into them. The tops of the socks were big on his average calves and so the shoes slip off at times but overall good price for what you get.

These are a waste! Save your money! Within 12 hours of having these, the pattern/stars were pilling and pulling from the fabric, and you could not even tell they were stars. Cheaply made product...

The sock part is tight fitting for my little boys chubby legs. I got the 12 - 18 months size and he is only 7 months and the foot part is big and the sock part is tight. I love them though and I bought a second pair too

I bought 3 other pairs of these for my 13 month old baby girl after I received the first pair. She loves them so much. She brings them to me every morning so I'll put them on her and take her outside to play. They stay put, and they are very hard for her to pull off, which is wonderful. They don't hurt her feet at all. Pure comfort, and she can walk everywhere she wants and be protected. Wonderful!"
B01FQXK4V0,Elady Sexy Loose Fitting Chiffon Blouse Top For Women V Neck Shirt Red (L),,,,This blouse is dressy and comfortable. A beautiful addition to my work outfits. I may have to order another. Initially I ordered the large because of the reviews stating it was made small. The large was HUGE. The seller kindly worked with me and I ended up with a small which fit nicely. So I'd say the blouse runs true to size.
B00P88ES20,Women's Basic Solid Cotton Blend Long Sleeve Scoop Neck Tunic Tee 2 Pk Navy/White L,Simlu,,,The fabric is very soft and comfortable. They are great for layering.
B00FOCPM1Q,Fingerless gloves silver grey blend Made in Peru sgre,CELITAS DESIGN,,,"Thank you!!!

the color was not as blue as the photo displayed, more of sliver grey (which i preferred). And however small or thin these may have appeared out of the box, they stretched and formed to my hands well. they are made with 40% Alpaca, 10% wool, and 30% acrylic fiber. which kept my hands warmer much better than when i've used my other 100% acrylic pair.

I absolutely love these gloves! I didn't not want to take them off. Holds shape well, doesn't stretch out like most knitted gloves do. I'm getting more :)

These are thin and scratchy, not at all pleasing to wear.

Nice, comfy, great price.

Exactly as described. Arrived quickly. The gloves are just what I wanted. I am happy with this purchase. Xxxxxxxxxxxxx x

Small and thin. The picture looks as though they are thick and cozy, but when I opened up the package I literally thought they may be for children, not adults. I can get them on, but not warm and cozy like I had hoped."
B019G5XN8A,RuMe Bags RuMe All Tote Bag (Fletcher),,,,"My daughter requested this for Christmas and loved it. It is a thin silky material and can fold up small enough to put in a purse. It expands to a good size tote bag. Not sure if it would hold much weight but would be good for holding small lightweight purchases and clothes.

Excellent! Love it. Would recommend. This is a strong well made lightweight roomy bag. Folds into itself and becomes a light weight pouch that is easy to slip into your regular day bag or pocketbook ready to pull out should you perhaps buy a few groceries or something like that on way home, or any extra shopping or purchases you might unexpectedly buy. Also can easily fit in sweater or light jacket should you get too warm and need somewhere put it.

The RuMe tote is a nice surprise. It comes in a little pouch, that turns into the out side pocket. It's roomy but not so big you can't use it as a tote or purse. It's not heavy, even loaded up with all my things I would put in a purse and more. It's cute, and comfortable to carry. With so many designs to choose from, your bound to see one you like. Give this product a chance. I gave it four star's only because I wish it had some structure. Maybe piping just so it would keep it's shape.

These bags wear beautifully. I've had one for 4 years and I've used it for groceries. I wash it and looks pretty new. I used this bag to carry gym stuff. It's roomy and lightweight. I've been burned buying low quality, flimsy products and I'm happy to say this is not one of them. Well worth the price.

It's a great bag, so lightweight yet strong and I love the pattern."
B00JGMM5ME,"Kitty-Party Jewelry Crystal Deer Hand Chain Bracelet Bangle, Cool & Unique",buyinhouse,,,"The picture is very cute online but it looks nothing like a deer in person...

The deer is nice , but the chain is way too small . I have to add links to the bracelet .

This bracelet is absolutely adorable and unique! I got a compliment 5 seconds after I put it on :) Can't beat the price either!

Cheap broke after one use

It's a really cool piece, it's a little hard to get on but that's not really a problem, the shipping was good as well ,and it also matches the necklace I bought!!!

Mine didn't quite look like the picture. The antlers are very close together, a paper's length away from touching. And the antlers look a little bit thicker. Overall it is comfortable Measurements taken from clasp to clasp: The top chain is the shortest measuring at 7 inches (17.8 centimeters) The chains get longer as they go down creating a cascading effect over your hand the longest being 9 inches (22.8 centimeters) long Measurement of dear head: 1.8 inches (4.7 centimeters) in length. 1.2 inches (3.1 centimeters) at widest part (bottom of antlers) My wrist is just under 6 inches around so the bracelet hangs a little low for my personal taste, but that is nothing that can't be changed with some if you move the clasps down the chains evenly with jewelry pliers I'm curious to see if this will break on me given some of the other reviews, but so far I am pleased. The only reason I didn't give this a 5 star review was because the antlers look totally different than in the picture. However it is still cute and wearable.

I loved it but it broke way too soon

Such a cute bracelet only thing that could be better is if the chain for the clasp to hook onto was a little longer because its hard to fasten. Other that that great deal

It broke when I tried to put on turning it into a necklace. I will not be buying anymore jewelry from amizon.

It's a really cute bracelet, but my only complaint is how big it is around my wrist. I think I can adjust it with my basic knowledge of jewelry-making, so it may be alright."
B00B09H9CM,Fruit of the Loom Women's 6-Pack Nylon Briefs Assorted Pastels - Style 6DN2204 (10),,,,"love quality and fit

We wanted assorted colors and all 4 packages had the ""same"" assorted colors. We know Hanes has many different colors in their assortment packages.

What can I say about underwear. It covers all my girl parts comfortable. I have worn this brand for a long time..good product"
B00OGR17YQ,"Rene Rofe Juniors Plush Onesie Footie Pajamas (Large, Dreamy Owl)",Rene Rofe,,,"Really comfy. The feet wear a little large, and the over all onsie was a little wide around the waist. I got this for a teenager, and she loved it.

Older teen daughter really likes this onesie.

This was a gift , for my daughter. She loved them. I would buy more. She wears a size 7 , I ordered a large.

Quality was the best, ordered a large so it would last longer but fits like a medium.

cute"
B005GV6Q4C,"Women's Plus Size Straight Leg Pull On Denim Light Stonewash,20 W",,,,"Comfortable fit just what I was looking for.

I like these jeans, very comfortable fit."
B00POACN6U,"Link Kids Girls Mango21 Dual Buckle/Zipper Quilted Mid Calf Motorcycle Boots,Black,2",JJF Shoes,,,"These would be a 5 for me, but one of the metal pieces came off of the buckle making it impossible to secure. I pinned it with a safety pin from the back so time will tell how the others hold up. The rest of the boot seems well made and they are on the feet of an active 8 year old she may have had something to do with the buckle fail. Very cute in person!

Fit as expected. Cute and comfortable according to my 7 year old. It doesn't look cheap. Happy with purchase.

My daughter loves these boots!

My daughter loves these boots! She's 9 and a size 2. Her foot is on the wide side and these fit just right! They are very well made and even though she's beat the toes up a bit, they're still her every day go-to boot!"
B00X5CUNU2,"TopTie Adjustable Shoulder Bag Strap, Classic PU Leather Replacement Strap-Camel",,,,"Great strap. Ordering 2 more. Works great on my Baggalini handbags. Comfortable, adjustable and looks durable. Happy with my purchase.

Too short. The width is not the right size. Can't use it.

Excellent article... very practicle and great quality !

My bag handle broke and was about to throw the bag away . I saw these handles in Amazon and I bought it. It's a perfect fit for my bag and price was reasonable. I just added large clips to the end. ( clips you'll find them at Michaels or Joanne's arts & craft stores).

Not their fault. I did not pay attention to measurements.

Pricey thought they would be nicer especially since I had to purchase them separately to get 2 handles. Thought they would be longer and the loop to hold the tail down was secured with a bare staple kindof tacky looking

Coach said they could not repair my tote straps. 300 plus for a bag with leather straps that were falling apart? Needless to say, I was distressed. THEN I found these. They worked perfectly with my tote!! Take that Coach!!!! And they cost me much less than what Coach would have charged me if they had fixed my bag. Another point in favor of this seller in my book.

I have a nice Liz Claiborne bag, but the handles started cracking. Took a chance, ordered these and when I saw that the color was PERFECT, I cut the old handles off and attached these. The pin doesn't really change holes, so why they have so many punched is beyond me. After attaching, I folded the long tabs back down into the wrap to keep it in place and not have them flapping...... ALL LOOKS GREAT!! The only nicer thing would be if the straps were rounded as these tend to slip off the shoulder......

I got these to replace my Dana Buchman purse straps. They are wider and shorter than the originals, but I was able to still get them to work. These are sold individually, so you must order two to have a pair."
B00Z82J3SA,"Gloria Vanderbilt Kristine Womens Bermuda Walking Shorts (18, Pink Lemonade)",,,,"Love these shorts!! Perfect fit and the most comfortable. I have in pink and black and would like additional colors.

Love these!

love these shorts hope to find more colors in the future.

toooo cute! I bought the pink shorts in a size 18...the shorts fit perfect and are really cute...the only thing that would make me absolutely give the shorts a 5 is the tag that says Made in China....the shorts are cheap so for the price I am sure they could have been made here in the US...perhaps a little bit less profit but would be supporting the citizens of the US and not China!"
B00JZBP00A,Spiral - Womens - FLAMING SPINE - Allover Comfy Fit Leggings Black - M,Spiral,,$49.79,I got a medium and its more of a large and the bottom of the pants flare out. They are soft and comfortable but are more so pajamas
B01258WIF4,DREAM PAIRS KSNOW New Girls Purple Snow Boots Boys Boys' Shoes Size 12 New,DREAM PAIRS,,,"Great quality and looks good

These were super cute in person but way too narrow. My granddaughter wouldn't even keep them on past the try on stage. Reordered a pair of light up sketchers."
B017IAXDQC,APTRO Women's Windproof Waterproof Bright Color Ski&Snowboarding Jacket Zebra Flowers Size M,,,,"I am 5'5"" ,118 pounds. The jacket fit perfectly taking into consideration the layering that is needed for skiing. Shipping was faster than projected."
B01G5PO73Y,"Southern Living Cotton Collection ""You Had Me At Sweet Tea"" T-shirt-xl",Southern Living,,,"It is a well made shirt. It is nice heavy cotton knit. I ordered an XL because I thought it would probably shrink, but it did not. It is definitely men's sizing."
B00XYDXXT0,FloraVogue Neoprene Bikini Strapless Wet Suit PU Swimwear Set Top & Bottom FBA Small(0-2),FLORAVOGUE,,,"cute product and fit well!

This bikini is super cute for the price! I wear a size two and bought a size small. Bottoms fit normal. Top was a little big. The cups fit perfectly (I'm between a 32A and 32B) but the band could be a little tighter and there's no way to adjust it. Besides that it's super cute and I love it.

Quick delivery and awesome fit. True to size and I'm a small

I am writing this review as I'm laying on the beech enjoying this gorgeous swimsuit. I'm a size zero and size small fits me just perfect. I brought multiple swimsuits with me this time, but this is definitely my go to swimsuit. It grabs everyone's attention and it is somewhat unique looking. I absolutely love it and would highly recommend it to everyone. Very happy, highly reccomend!

Little small. Great material

I love this bikini so much! The sizing was perfect and it was packaged very nicely and it has an instruction card about care and it also clearly states that it is 100% neoprene which I very accurate/correct! Defin"
B016Q8B6R0,Sungpunet Womens Winter Faux Leather Power Shoulder Jacket,Sungpunet,,,"Very cheply made, looks like it was made from cheap plastic. Will not wear this. Waste of money."
B01EEZ9CX2,Sweet Mommy Bamboo Maternity and Nursing Camisole LVXL,,,,The sizing on these is completely wacko.
B0076LJEIA,"Composable Classic LOVE in stainless steel , enamel and 18k gold (RED and RED Double heart)",Nomination,,,fine piece of jewelry
B011H1O0KG,"Rhinestone Women's Clip Wallet in 4 Colors. New with Fast Shipping, Extra Checkbook. (Rose) (Rose)",Texas West,,,I love this wallet! I've been receiving compliments right and left when carrying it around.
B00MG2NAB6,Large Oval Burgundy & Natural Straw Wicker Shoulder Bag,Wicker Handbag,,,"I will send this back. It was crushed during shipping and I expected it to be lined, it wasn't. It has raw edges sticking out around all the edges, it is not what can use for my knitting"
B01CX4SC4Q,Women's Sexy Padded Push Up Halter One Piece Monokini Swimwear Cover Ups Red X-large,ABIKINI,,,Thanks
B00H7G6MB6,Qupid Puffin-06 Camel High Heel Boot Nubuck Lace up Platform Bootie - High Heel Camel Bootie (7),Qupid,,,"I'm usually a size 7 and hate ordering shoes online because most of them wind up being about half a size too big. But these fit perfectly. The platform was a little higher than I was expecting but I still feel okay wearing them into work. The upward turn at the toe makes it a little easier to walk in heels (though it took a few minutes to get used to). They look adorable under jeans and just as cute with a skirt. Shipping was good for standard, but I noticed that when I click on ""Track your order"" through Amazon, it said ""returning to sender."" When I checked it on the UPS, I got accurate tracking information that said it was on it's way so I just waited it out. But I thought it worth mentioning since it sure freaked me out at first. I just got them today so we'll see how they wear, but they arrived brand new, stitching and eyelets straight. No obvious pressure points that are going to cause blisters so I'm sure I'll get plenty of wear out of them. Definitely recommend!"
B00B065HYW,Doublju Dolman Half Sleeve Knit Top with Ribbed Boat Neck ROYAL L,,,,"It was too small even though I went a size up. The color says royal but when I actually got it, it looks more like a cornflower blue. It's a deep v neck instead of an off shoulder shirt. This looks nothing like what I thought I was ordering.

The color was not as rich as the picture

I would have thought it would be a little longer in length and the sleeves are too tight..like skin tight. But I love the boat neck style and the colors are beautiful. ..I wear a large and it runs a little small"
B01H55UEXA,"Gillbro Mens Bodybuilding Stringer Hoodie Gym Tank Top Hooded Waistcoat,D,L",Gillbro,,,Nice
B01AG11YGQ,PEGGYNCO Womens Plus Size Strapped Color Splice One Piece Swimwear Size 3XL,PEGGYNCO,,,"Not worth it, especially since it would cost too much to send it back. It is a beautiful bathing suit, that said, the straps with the tie thing is horrible. The straps detach from the tie part, so good luck getting it on and tying it without one of them coming loose. Also, because the straps depend on the tie part, there is no support for the chest. I'm not sure who this was engineered for, but it was not for the plus size ""girls"". Of course, now the price has dropped significantly since I bought it a month ago. I paid $32, which is still cheap for a bathing suit. I should have remembered, you get what you pay for."
B014Z9J430,Marvel Comics Kawaii All Over Print Viscose Scarf,,,,"Love this and the quality. Characters are so cute!!!

Love this scarf and can't wait to wear it with my Marvel Boots. It is super cute and a good length.

cool

A hit with my sister-in-law who is a Marvel nut. Gauzy material makes it good for year around wear. It is completely adorable and an excellent length.

This is so cute. It is beautifully made covering most of the marvel characters. A nice femine touch while flying your nerd flag.

I am always looking for accessories to show my love for all things Marvel. All of the scarves I have looked at before are wintery scarves meant to keep you warm. This is good for any season. The Amazon product image is very accurate. The scarf is brightly colored, with clear images of the Kawaii versions of Hulk, Iron Man, Captain America, Spider-man & Thor. I was disappointed that, once again, no Black Widow even though this is a product designed for women. What's not apparent in the pic is that the scarf has a sheerness to it - slightly see-through. It's very long, so it's versatile for tying in different ways or wearing over your head like an infinity scarf. Please see my pics. Overall, I love it and wish there were more like it with the comic and film versions of these and more characters."
B00SP1K12S,Turquoise Crystal Beads Rosary Catholic Necklace Miraculous Medal with Crucifix,Nazareth Market Store,,$9.98,"Bright and beautiful. Beads are sparkling and blue. Very nice.

wonderful

My mother likes these,. They look nice and seem well made and come in a case. She enjoys them.

The rosary is beautiful; however, I am disappointed. I ordered this one because I wanted one that specifically had the miraculous medal ( as this one had shown in the pic & stated in the title). It came with a different medal.

Like very much

Sooo pretty! It sparkles like blue diamonds. Beautiful crucifix. Just perfect. Jo

Love it and beautiful how they do it

Very beautiful"
B01608TBN2,Home Basics Closet Hanging Jewelry Organizers - Damask Design (Blue),Home Basics,,,I bought two and have been very pleased with them. I bought one as a gift for a friend.
B00WGU7ASW,"Mooniva Men's Leather Ratchet Belt Moxiguo Collection Large (36"" to 38"") Black",Mooniva,,,Great Belt!!!
B00Y9R276U,Joe's USA(tm) - Mens Tri-Blend Heathered Pocket Tee's-Charcoal Heather-4XL,Joe's USA,,,ok
B00JA8CLSM,Ogio Golf Groove Pant,OGIO,,,Very soft pants...feel a lot like wind pants.
B017XS40BG,CLARKS Shoes 26117626 Griffin MIA Black,,,,Very sweet shoes. Did not realize they would come from across the pond until I saw the customs sticker. Seems like a really nice store. Will have to investigate more!
B01GCAICHO,Devil You Know Horned Skull Tank Tops For Mens XXL Black,Ruchun Zhou,,,Nice shirt but definitely not a 2xl maybe in China
B013TQKSSA,Spartina 449 Juliette Isabelle Shoulder,Spartina 449,,,Love this handbag!! Keeps me organized with all of it's compartments and I get complements all the time on the design!
B00KO2STLG,Artone KayLena Series Unisex-Adult Water Resistant Black Canvas Crossbody Bag,Artone,,,"Marks too easily. Never looks nice.

The leather feels good. The black canvas looks slightly faded & darker than the black strap which makes the bag look faded & the color difference more obvious. Other than that, seems to be great quality. My son picked this for his grandma, I'm sure she'll love it!

I bought this with my daughter in mind and when I gave it to her, she promptly dumped her stuff out of her other canvas handbag and moved it into this one. It is made well, durable, sturdy, quality materials and a great size. Lots of room for lots of things and places to put it all!

Not a good choice for me but will keep it. Cheap canvas and zero class. Maybe I'll find a use for it later."
B0154JUKQ0,DJT Womens Allover Tie Dyed Long Sleeve Cascading Cardigan Large Light Grey,,,,"Smaller than expected, had to give it away."
