product_id,title
B00XDPY0P0,Women Plus Size Padded Bikini Bandeau Swimwear Swimsuit Beach Bathing suit
B01F9EKEMK,AMiERY Women's Black and White Stripes Bikini Top Split Swimsuit Swimwear Sets (XXL)
B01FS4IISI,AisuVolvo Women's Stripes Lined Up Double Up Tankini Vintage Pin Up Swimsuits Halter Bikini Sailor Dress One Piece (XXX-Large(US16))
B01DAFK0OC,"RUNBOX Women's Plus Size Pleated Push up Two-Piece Swimsuit Swimwear Bikini Set (XL(US16-18), Light Blue)"
B01A0VGV0Q,Angerella Women Vintage One Piece Monokinis Swimsuit Swimwear (SST037-B1-M)
B00KHX4D44,"Injoy Women Sexy Push up Padded Swimsuit Bikini Set and circular metal (M, Black)"
B01G39B1E0,Taydey Women's Hand Knitted Crochet Bikini Bra Set Swimsuit Yello
B00K7CISSM,RedExtend Women's Digital Print Oil Painting One Piece Swimsuit Swimwear
B00YC5UXBU,SEXYARN Women's 2015 Bandage Sporty Bathing Suit Boyleg Short Swimwear Swimsuit
B00W3JFIC6,Sexy Women Ladies One-piece Swimwear Bandage Monokini Swimsuit Bikini Set (M)
B01DALRE4K,Mansy Women's High Waisted Swimwear Push up Padded Gothic Two-piece Swimsuit Black M
B01AFZORM6,Womens Two Piece Swimsuit Green Striped X-Large
B01G71P4ME,NINEWE Women's One-Piece Swimwear Retro Vintage Swimsuit Cover Up Swimdress RedBanana US8-10
B01FQJQ3IM,CharmLeaks Women's Pro One Piece chlorine resistant swimsuits for women 12
B01EWPUMGA,LaLaMa Womens Bikini Set Swimsuit Sexy Push Up Chest Zipper Swimwear Beachwear
