product_id,title,brand,category,price
B00UMCSWHY,CG Eyewear Rhinestone Studded Narrow Rectangular Designer Fashion Sunglasses,moda,,$9.79
B00RNBZD7O,Polarized Sunglasses Fit Over Glasses for Small Glasses Oval Frame Purple Print,Pink Ribbon Shades,,$14.99
B00SXOSDXG,Flowertree Unisex Rs5141 Browline 47mm Sunglasses (Matte Black+black),flowertree,,
B005KXG074,DG Eyewear Oversized Sunglasses Brown Tort Leopard Frame 37163 Block 100% UVB,DG Eyewear,,
B01DXACNXK,"SUASI Womens' Sunglasses Flat Lens Punk Hollow Polygon Metal Vintage Fashion Sunglasses 18870 (black, black)",SUASI,,
B01DM9SIL8,Heartisan Fashion Square Full Color Filter Oversized UV400 Unisex Sunglasses C3,Heartisan,,
B004QRR1Z0,"Fox Racing Unisex The Confab Sunglasses, Black-White/Gradient, One Size",,,
B01E6ZG9E0,GAMT Vintage Inspired Women Rhinestone Cat Eye Sunglasses Blue-black,GAMT,,
B01ADPJW8W,FIT OVER SUNGLASSES WITH POLARIZED LENSES .JUST ADD SUMMER,GREAT PICK,,$14.47
B01FY3I0J0,Tip Pointed Fashion Metal Mirrored Lens Cat Eye Sunglasses,WearMe Pro,,
B00AJYQQOQ,Retro Style Blue Blocker Driving Orange Lenses Aviator Sunglasses,Retro,,
B01HE5UNFK,Men Women Large Polarized Fit Over Sunglasses Wear Over Prescription Glasses,Incredible Bargains,,$14.95
B01AB8RGIO,GAMT Plastic Frames Brand Design Polarized Sunglasses for Women,GAMT,,
B00MXJT098,Valentino 662S-001-54 Women's Rectangle Black Sunglasses,Valentino,,
B00DUOCENE,Wayfarer Retro Sunglasses for Men or Women- Clear Frame Mirrored Lenses - Orange,Unknown,,
B00SF4UDBY,Sumolux Women's New Fashion Retro Vintage Uv400 Lenses Round Arrow Style Riding Sunglasses Multi Black Frame,Sumolux,,
B01C74988Q,GAMT Sexy Cat Eye Sunglasses Reflective Glasses for Women Green,GAMT,,
B00OL5H8NW,"7 Eye Cape- SharpView Charcoal Sunglasses, S-L",7eye,,
B00KQRSRT8,Flat Matte Reflective Revo Color Lens Large Wayfarers Style Sunglasses - UV400,P&P Inc.,,
B00DAN9IE8,DG Sunglasses Butterfly 26982,Dolce & Gabbana,,
B005FRC6UA,"Sports Wrap Sunglasses for Cycling, Golf & All Outdoor Activities XL63 (Black & Blue Revo)",X-Loop,,
B0009PLVF4,UrbanSpecs Sunglasses - Sport - Spider - Frame: Silver w/ Black Lens: Grey,UrbanSpecs,,
B00B33K61Q,Nine West Womens Small Rectangular Sunglasses,,,
B00D9EILRS,"Ray-Ban Wayfarer Polarized Square Sunglasses, Black, 52.1 mm",,,$153.00
B01BTVY6RQ,GAMT Trend Retro Sexy Cat Eye Sunglasses Yurt Sun Glasses Black Frame Blue Green Lens,GAMT,,
B00NK4SLUE,Luxury Fashion Speed Sport Car Racer Lion Shield Rectangular Sunglasses Silver Grey,SA106,,
B00EU6BJFK,Outray Unisex Retro Iron Man Wrap Sunglasses A17 Black,Outray,,
B0093K6TMQ,Chrome Hearts FLAVOR SAVER Sunglasses MBK-WEWE Matte Black-Wood Ebony/Walnut/Ebony,Chrome Hearts,,
B00BHQ5KGU,Navy USA American Flag Print Horn Rim Horned Sunglasses Navy Arm,SA106,,
B00FWFN7TO,Oversized Shield Sunglasses Womens Trendy Sexy Animal Prints Silver Purple Leopard,JuicyOrange,,
B001JKTNRQ,GIORGIO ARMANI SUNGLASSES GA 432/M/S 0807 Black BM,GIORGIO ARMANI,,
B01CU4OOYQ,"Skull Studded Womens Thick Oversized Horn Rime Cat Rye Sunglasses (black/gray, 50)",Generic,,
B00M8FT2RM,Black Rhinestone Texas Lone Star Western Bling Ladies Sunglasses,Razzle Dazzle,,
B01DXUOFPO,"ROOSEYES Unisex Aviator Sunglasses Mirrored Shades Metal Eyeglasses (Gold, pink)",ROOSEYES,,
B01FSZCD2Y,Edge I-Wear 12 Pack Neon Kids Sunglasses with CPSIA Certified Lead (Pb) Content Free and UV 400 Lens (Made in Taiwan) 9446R-BLK-12,Edge I-Wear,,
B00RETWUGC,Mens Sports Half Rim Sunglasses Flat Top Wrap Around Black Blue Multicolor lens,JuicyOrange,,
B00KHLYV3Y,Chloe Sunglasses Round - Violet,Chlo,,
B00V65VGME,JULI Mens Womens Fashion Wood Bamboo Wayfarer Wrap Sunglasses 1033,JULI Eyewear,,
B00XOTJ5OG,Life Star Anime Glasses Box Sunglasses Box 7 (My neighbor totoro),Life Star Glasses Box,,
B00EWHNDU6,"Arctic Star Steam Punk, Gothic, Retro Pattern Edging, Antique Glasses Round Frame Sunglasses.",Arctic Star,,$22.01
B01CM0L2AW,2016 Sexy Retro Oversized Large Round Sunglasses For Women Rainbow Mirrored,Qilan,,
B0068RVU9E,Mercedes-Benz Flip Top Sunglass Case,Mercedes-Benz,,
B00G6ADPOQ,Salvatore Ferragamo Sunglasses SF671SR 227 Havana Purple 59 16 120,Salvatore Ferragamo,,
B00DNGSR30,Lacoste Sunglasses L132S 210 Satin Brown 60 12 140,,,
B00RU8ESJ4,Mustache Black Acetate Sunglasses,Ties.com Accessories,,
B017ALMMFM,zeroUV - Modern Fashion Full Metal Crossbar Technologic Flat Lens Aviator Sunglasses 54mm (Gold-White / Grey Gradient),zeroUV,,
B010497OY6,Ponosoon Sports Sunglasses Casual Cycling Sunglasses 0825 (Transparent Gray&Orange),,,
B01FF9MUS0,GAMT Vintage Mirrored Aviator Sunglasses Metal Frame Double Girder Style Gold,GAMT,,
B00IGGI5IY,Zoo York Mens Retro Rectangle Black Sunglasses One Size Black,,,
B0186A1WTS,Maui Jim Koki Beach Sunglasses Olive Tortoise / HCL Bronze & Cleaning Kit Bundle,Maui Jim,,
B00PGITG38,Personalized Fashion Cute Mickey Mouse Hollow Dial Leather Quartz Wrist Watch with Diamonds ( Black ),Brothers-USA,,
B00RDV45NM,YALUXE Women's Cute Belt Accent Leather Purse Shoulder Bag Black,YALUXE,,
B00LGXYIDK,12 Karat Gold Filled Open Heart Wire Ring,100Silver,,$17.40
B00PBF7I2W,Two Complete Jersey Hangers,,,$13.99
B010X0UWLS,Gmai Lucky Clover Pressed Flower in Round Shape Glass Globe Necklace (A),,,
B01G6YMNQ2,Axiba New Hot Women Girl Crystal Pendant Silver Chain Necklace Stud Earring Jewelry Set,,,
B017D8VUUA,IPINK Lot of 10pcs 14G Belly Button Ring Body Jewelry Piercing 10 Pack,IPINK,,$7.88
B01HFUU9M6,"LG K10 Case,GBSELL Rhinestone Metal Frame PC Mirror Back Case Cover For LG K10 (Gold)",Globesell,,
B01EQTIC1O,Susenstone Women Multilayer Irregular Pendant Chain Statement Necklace,Susenstone610,,
B01883CH8S,"Alpine Swiss Womens Accordion Organizer Wallet Leather Credit Card Case ID,Fern,One Size",,,
B012FCDC82,Men's Leather Ratchet Click Belt - Lincoln Brushed Silver Buckle w/ Double Stitched Black Leather Belt (Trim to Fit: Up to 38'' Waist),VINICIOBELT,,
B00GPUGDR8,Addicting Charms Standing Pretty Hello Kitty with Blue and White Enamel Accents with Lobster Clasp,,,
B00M0FDK1O,Fashion Women Lady Clear Crystal White Pearl Love Pendant Chain Necklace,,,
B00T850BIE,FUSE Carbon Mirror Polarized Lenses for Costa Del Mar Blackfin,Fuse Lenses,,
B005GDE44E,ESS New Gents Automatic Mechanical Wrist Watch with Black Leather Strap Red Dial WM122,ESS,,
B00SPPJS7I,Beancase(TM) Fashion Infinity Bead Womens Barefoot Sandal Foot Jewelry Anklet Chain,,,
B013HTM26U,TS Layer Entangled White Pearl Necklace,TS,,
B006Z84U2K,CamoOutdoor Anvil Low Profile Twill Sun Visor Navy ONE,CamoOutdoor,,$6.41
B018TEPCQK,Color Scissor Womens Leather Top-Handle Crossbody Handbag Shoulder Bag Purse Black,Color Scissor,,
B00IMEH3F6,RoKo Real Watch Novelty Butane Cigarette Cigar Lighter,Roko,,
B00512RQFE,Genuine Sapphire Tennis Bracelet set in Sterling Silver 7 1/4 inches (7 1/2ct tw),,,
B000A15X6K,"Sterling Silver Frog Ear Cuff Earring (one piece), 11/16 inch",,,$11.02
B00KWKFUV2,Men's Under Armour Alter Ego Compression Captain America,Under Armour,,
B00DM05DAW,niceEshop(TM) Nice Vintage Leather Wrapped Fashion Sunflower Bracelet/Bangle-Light Brown,,,
B00NQVXCE6,Rigant White Gold Plated Happy Play Dolphins with Round Cubic Zirconia Crystal Necklace Fashion Jewelry for Women,Rigant,,$14.99
B006NA0CSG,0.25 Carat tw Diamond Heart Clasp Bracelet,Netaya,,
B01FFCUFJI,Baomabao Women Off Shoulder Casual Blouse Lace Crochet Chiffon Shirt (X--Large),Baomabao_Shirt,,
B0012NJHT4,925 Sterling Silver Green 4mm Heart Post Back Stud Earrings,Gem Avenue,,
B00BQLWO6K,"Ralph Lauren Little Girls Big Pony Color Block Mesh Polo, Navy Multi, 3/3T",Polo Ralph Lauren,,
B00XMJAU3S,Azbro Women's Summer White Sheer Mesh Paneled Crop Top,,,
B01FJ243VU,Dumbledore Dark Times Quote Harry Potter Fan Art Adult T-shirt,L J Grove,,
B015G2VDFM,TwoBirch Fine Jewelry Cleaner 6 OZ With Cleaning Basket and Brush,,,
B00X5DQ3MS,PanDaDa Baby Boys Girls Hats Kids Caps Newborn Infant Baby Hats Owl Print Summer,PanDaDa,,
B00ZEEA2UA,Tommy Bahama Womens Stamped Medallion Chiffon Dress Swim Cover-Up Blue M,,,
B013SVKORG,AmorWing 108 Beads Multilayer Tiger Eye and Obsidian Malas Prayer Beads Bracelet 6mm,,,
B01B41O6K8,Binmer(TM)Men Women Warm Winter Knit Ski Beanie Cap Skull Slouchy Hip-pop Hat (Blue),Binmer(TM),,
B00ZQQ81JU,"SheIn Women's Tassel White Spaghetti Strap Playsuit (S, White)",,,
B00OAY0VKG,SkylineWears Women's Ladies Double Zip Hoodies Sweatshirt Jacket Coats X-Large Gray,SKYLINEWEARS,,
B012P73E6C,Dawn Levy Women's Solid Bronze Brown Belted Hooded Down Puffer 3/4 Coat Jacket (L),Dawn Levy NY,,
B010BD5NUW,"Ralph Lauren 6003 Mens/Womens Designer Full-rim Flexible Hinges Eyeglasses/Glasses (50-16-135, Caramel Brown)",RALPH LAUREN,,
B003MAVYGY,Celebrity Hello Kitty Champagne CZ Rhodium Teen Pendant,,,
B018FLQS24,Bepei® Women's Long Sleeve Crewneck Tunic Sweatshirt String Hoodie Dark Green 2XL,,,
B001E3G74U,96C,Embassy,,
B003CDCZ6E,Nurse Get Well Adult Halloween Costume Size 10-12 Large,California Costumes,,
B00DFAIPGS,"Duofold Varitherm - Women's Mid Weight Long Sleeve Crew (471A) KMC3, Black, L",,,
B00NVK2T9G,Faux Leather Leggings - Small - Half,Sofishie,,
B01GNUXMVO,Family Clothes Outfits Mama and Baby Outfits Romper Onesie,Juicart,,
B0178G7QD2,EJ White Tuxedo 3 Piece Mens Formal Suit TUX104 (48 R),E. J. Samuel,,
B00HSFN656,"Sheinside Yellow Hamburger Print Unisex Sweatershirt (S, Yellow)",Sheinside,,
B01H6GCPAI,"R&V Unisex Baby Boys Girls Prewalker Bow Mocassins Soft Sole Tassels Toddler Shoes 11 Colors (12cm(6-12 months), White)",Royal Victory,,
