suite,question,method,repetition,truth_count,found_count,tp,fp,fn,precision,recall,f1,wall_seconds,llm_calls,cheap_calls,expensive_calls,cheap_seconds,expensive_seconds,cascade_target,calibration_budget,calibration_candidates,calibration_agreement,learned_confidence_threshold
5q,q_01,suql_baseline,1,15,17,15,2,0,0.8823529411764706,1.0,0.9375,27.00914086499688,49,0,49,0.0,26.987376805001986,0.9,20,0,0.0,
5q,q_01,suql_baseline,2,15,17,15,2,0,0.8823529411764706,1.0,0.9375,21.508946059002483,49,0,49,0.0,21.48440469401976,0.9,20,0,0.0,
5q,q_01,suql_baseline,3,15,17,15,2,0,0.8823529411764706,1.0,0.9375,21.5401483789974,49,0,49,0.0,21.517550044001837,0.9,20,0,0.0,
5q,q_01,suql_baseline,4,15,17,15,2,0,0.8823529411764706,1.0,0.9375,21.67787338999915,49,0,49,0.0,21.655691271007527,0.9,20,0,0.0,
5q,q_01,suql_baseline,5,15,17,15,2,0,0.8823529411764706,1.0,0.9375,21.667412865994265,49,0,49,0.0,21.64417739804776,0.9,20,0,0.0,
5q,q_01,suql_baseline,6,15,17,15,2,0,0.8823529411764706,1.0,0.9375,21.835369063002872,49,0,49,0.0,21.81379024900525,0.9,20,0,0.0,
5q,q_01,suql_baseline,7,15,17,15,2,0,0.8823529411764706,1.0,0.9375,21.782658459997037,49,0,49,0.0,21.759580738973455,0.9,20,0,0.0,
5q,q_01,suql_baseline,8,15,17,15,2,0,0.8823529411764706,1.0,0.9375,21.769228051998653,49,0,49,0.0,21.74736237400066,0.9,20,0,0.0,
5q,q_01,suql_baseline,9,15,17,15,2,0,0.8823529411764706,1.0,0.9375,21.83963362400391,49,0,49,0.0,21.81741145200067,0.9,20,0,0.0,
5q,q_01,suql_baseline,10,15,17,15,2,0,0.8823529411764706,1.0,0.9375,21.787487102999876,49,0,49,0.0,21.76610749597603,0.9,20,0,0.0,
5q,q_01,suql_v1,1,15,19,15,4,0,0.7894736842105263,1.0,0.8823529411764706,51.06371784800285,70,50,20,42.04736488802155,8.998430274994462,0.9,20,20,0.95,2.0
5q,q_01,suql_v1,2,15,19,15,4,0,0.7894736842105263,1.0,0.8823529411764706,47.26611143499758,70,50,20,38.2217184100009,9.027160610021383,0.9,20,20,0.95,2.0
5q,q_01,suql_v1,3,15,19,15,4,0,0.7894736842105263,1.0,0.8823529411764706,47.262784544996975,70,50,20,38.305904823035235,8.939071076987602,0.9,20,20,0.95,2.0
5q,q_01,suql_v1,4,15,19,15,4,0,0.7894736842105263,1.0,0.8823529411764706,47.37765225700423,70,50,20,38.39692373400612,8.960872992996883,0.9,20,20,0.95,2.0
5q,q_01,suql_v1,5,15,19,15,4,0,0.7894736842105263,1.0,0.8823529411764706,47.415885955000704,70,50,20,38.414989212004,8.983468556987646,0.9,20,20,0.95,2.0
5q,q_01,suql_v1,6,15,19,15,4,0,0.7894736842105263,1.0,0.8823529411764706,47.54832410800009,70,50,20,38.594479134008,8.936766598992108,0.9,20,20,0.95,2.0
5q,q_01,suql_v1,7,15,19,15,4,0,0.7894736842105263,1.0,0.8823529411764706,47.71473421400151,70,50,20,38.604051998969226,9.092905339981371,0.9,20,20,0.95,2.0
5q,q_01,suql_v1,8,15,19,15,4,0,0.7894736842105263,1.0,0.8823529411764706,47.82340407000447,70,50,20,38.85790394202195,8.948110306017043,0.9,20,20,0.95,2.0
5q,q_01,suql_v1,9,15,19,15,4,0,0.7894736842105263,1.0,0.8823529411764706,48.132942670003104,70,50,20,39.0980138220184,9.013907040985941,0.9,20,20,0.95,2.0
5q,q_01,suql_v1,10,15,19,15,4,0,0.7894736842105263,1.0,0.8823529411764706,47.97145193100005,70,50,20,39.00204776298051,8.95176431301661,0.9,20,20,0.95,2.0
5q,q_01,trummer_baseline,1,15,37,15,22,0,0.40540540540540543,1.0,0.5769230769230769,18.526809126000444,19,0,19,0.0,16.847783597986563,0.9,20,0,0.0,
5q,q_01,trummer_baseline,2,15,37,15,22,0,0.40540540540540543,1.0,0.5769230769230769,15.978974579993519,19,0,19,0.0,15.91430038899125,0.9,20,0,0.0,
5q,q_01,trummer_baseline,3,15,37,15,22,0,0.40540540540540543,1.0,0.5769230769230769,15.946281967000687,19,0,19,0.0,15.883760808013903,0.9,20,0,0.0,
5q,q_01,trummer_baseline,4,15,37,15,22,0,0.40540540540540543,1.0,0.5769230769230769,15.917145651001192,19,0,19,0.0,15.853736171986384,0.9,20,0,0.0,
5q,q_01,trummer_baseline,5,15,37,15,22,0,0.40540540540540543,1.0,0.5769230769230769,15.960751368002093,19,0,19,0.0,15.896653221985616,0.9,20,0,0.0,
5q,q_01,trummer_baseline,6,15,37,15,22,0,0.40540540540540543,1.0,0.5769230769230769,15.965696037994348,19,0,19,0.0,15.900807479993091,0.9,20,0,0.0,
5q,q_01,trummer_baseline,7,15,37,15,22,0,0.40540540540540543,1.0,0.5769230769230769,15.96501739499945,19,0,19,0.0,15.901281897989975,0.9,20,0,0.0,
5q,q_01,trummer_baseline,8,15,37,15,22,0,0.40540540540540543,1.0,0.5769230769230769,15.928903164996882,19,0,19,0.0,15.865639900002861,0.9,20,0,0.0,
5q,q_01,trummer_baseline,9,15,37,15,22,0,0.40540540540540543,1.0,0.5769230769230769,15.927667410003778,19,0,19,0.0,15.863224828994134,0.9,20,0,0.0,
5q,q_01,trummer_baseline,10,15,37,15,22,0,0.40540540540540543,1.0,0.5769230769230769,15.9364632479992,19,0,19,0.0,15.869583831015916,0.9,20,0,0.0,
5q,q_01,trummer_v1,1,15,17,14,3,1,0.8235294117647058,0.9333333333333333,0.8749999999999999,17.505455623999296,8,7,1,15.810672789993987,1.6819012810010463,0.9,20,20,0.9,0.0
5q,q_01,trummer_v1,2,15,17,14,3,1,0.8235294117647058,0.9333333333333333,0.8749999999999999,17.02705777799565,8,7,1,15.356670043998747,1.656853256004979,0.9,20,20,0.9,0.0
5q,q_01,trummer_v1,3,15,17,14,3,1,0.8235294117647058,0.9333333333333333,0.8749999999999999,16.994327776003047,8,7,1,15.327408511999238,1.6544107959998655,0.9,20,20,0.9,0.0
5q,q_01,trummer_v1,4,15,17,14,3,1,0.8235294117647058,0.9333333333333333,0.8749999999999999,16.989890475997527,8,7,1,15.324619630999223,1.652280043999781,0.9,20,20,0.9,0.0
5q,q_01,trummer_v1,5,15,17,14,3,1,0.8235294117647058,0.9333333333333333,0.8749999999999999,17.009787085000426,8,7,1,15.336349743993196,1.6604335399970296,0.9,20,20,0.9,0.0
5q,q_01,trummer_v1,6,15,17,14,3,1,0.8235294117647058,0.9333333333333333,0.8749999999999999,16.986898418996134,8,7,1,15.319855636014836,1.6538499819944263,0.9,20,20,0.9,0.0
5q,q_01,trummer_v1,7,15,17,14,3,1,0.8235294117647058,0.9333333333333333,0.8749999999999999,17.036908941998263,8,7,1,15.358314298006007,1.6667042120025144,0.9,20,20,0.9,0.0
5q,q_01,trummer_v1,8,15,17,14,3,1,0.8235294117647058,0.9333333333333333,0.8749999999999999,17.029982533000293,8,7,1,15.34778349800763,1.6669942059961613,0.9,20,20,0.9,0.0
5q,q_01,trummer_v1,9,15,17,14,3,1,0.8235294117647058,0.9333333333333333,0.8749999999999999,17.023787404999894,8,7,1,15.338715509991744,1.6719611139997141,0.9,20,20,0.9,0.0
5q,q_01,trummer_v1,10,15,17,14,3,1,0.8235294117647058,0.9333333333333333,0.8749999999999999,17.03190626700234,8,7,1,15.351231083004677,1.6667673429983552,0.9,20,20,0.9,0.0
5q,q_02,suql_baseline,1,15,24,14,10,1,0.5833333333333334,0.9333333333333333,0.7179487179487181,22.073114684004395,47,0,47,0.0,22.05067119502928,0.9,20,0,0.0,
5q,q_02,suql_baseline,2,15,23,14,9,1,0.6086956521739131,0.9333333333333333,0.7368421052631579,22.08407441300369,47,0,47,0.0,22.06138463196112,0.9,20,0,0.0,
5q,q_02,suql_baseline,3,15,23,14,9,1,0.6086956521739131,0.9333333333333333,0.7368421052631579,22.01291105999553,47,0,47,0.0,21.989079092032625,0.9,20,0,0.0,
5q,q_02,suql_baseline,4,15,23,14,9,1,0.6086956521739131,0.9333333333333333,0.7368421052631579,22.00994744199852,47,0,47,0.0,21.988804003005498,0.9,20,0,0.0,
5q,q_02,suql_baseline,5,15,23,14,9,1,0.6086956521739131,0.9333333333333333,0.7368421052631579,21.917616193000867,47,0,47,0.0,21.89463741601503,0.9,20,0,0.0,
5q,q_02,suql_baseline,6,15,23,14,9,1,0.6086956521739131,0.9333333333333333,0.7368421052631579,22.01066539400199,47,0,47,0.0,21.989431330977823,0.9,20,0,0.0,
5q,q_02,suql_baseline,7,15,23,14,9,1,0.6086956521739131,0.9333333333333333,0.7368421052631579,21.895938301997376,47,0,47,0.0,21.874982569017448,0.9,20,0,0.0,
5q,q_02,suql_baseline,8,15,23,14,9,1,0.6086956521739131,0.9333333333333333,0.7368421052631579,21.91832249899744,47,0,47,0.0,21.893062455012114,0.9,20,0,0.0,
5q,q_02,suql_baseline,9,15,23,14,9,1,0.6086956521739131,0.9333333333333333,0.7368421052631579,21.866286966003827,47,0,47,0.0,21.844725831018877,0.9,20,0,0.0,
5q,q_02,suql_baseline,10,15,23,14,9,1,0.6086956521739131,0.9333333333333333,0.7368421052631579,21.858576375001576,47,0,47,0.0,21.83346137999615,0.9,20,0,0.0,
5q,q_02,suql_v1,1,15,23,14,9,1,0.6086956521739131,0.9333333333333333,0.7368421052631579,61.22887595999782,97,50,47,39.31012535697664,21.89613124699099,0.9,20,20,0.85,
5q,q_02,suql_v1,2,15,23,14,9,1,0.6086956521739131,0.9333333333333333,0.7368421052631579,60.07483836699976,97,50,47,38.24358044100518,21.810003164049704,0.9,20,20,0.85,
5q,q_02,suql_v1,3,15,23,14,9,1,0.6086956521739131,0.9333333333333333,0.7368421052631579,60.483558169995376,97,50,47,38.61830397800077,21.84175914098887,0.9,20,20,0.85,
5q,q_02,suql_v1,4,15,23,14,9,1,0.6086956521739131,0.9333333333333333,0.7368421052631579,60.829924417004804,97,50,47,38.79214504104311,22.016097476982395,0.9,20,20,0.85,
5q,q_02,suql_v1,5,15,23,14,9,1,0.6086956521739131,0.9333333333333333,0.7368421052631579,60.96210782099661,97,50,47,38.98901646598097,21.949680037003418,0.9,20,20,0.85,
5q,q_02,suql_v1,6,15,23,14,9,1,0.6086956521739131,0.9333333333333333,0.7368421052631579,60.90856208700279,97,50,47,38.856106642997474,22.026579930010485,0.9,20,20,0.85,
5q,q_02,suql_v1,7,15,23,14,9,1,0.6086956521739131,0.9333333333333333,0.7368421052631579,60.85948786100198,97,50,47,38.872718459962925,21.963314755987085,0.9,20,20,0.85,
5q,q_02,suql_v1,8,15,23,14,9,1,0.6086956521739131,0.9333333333333333,0.7368421052631579,60.76658299400151,97,50,47,38.7660771289884,21.975241803986137,0.9,20,20,0.85,
5q,q_02,suql_v1,9,15,23,14,9,1,0.6086956521739131,0.9333333333333333,0.7368421052631579,60.88443820700195,97,50,47,38.86711508798908,21.99442763801926,0.9,20,20,0.85,
5q,q_02,suql_v1,10,15,23,14,9,1,0.6086956521739131,0.9333333333333333,0.7368421052631579,60.839844725996954,97,50,47,38.83223618102056,21.985448739003914,0.9,20,20,0.85,
5q,q_02,trummer_baseline,1,15,53,15,38,0,0.2830188679245283,1.0,0.4411764705882353,17.977653934001864,16,0,16,0.0,17.921560754002712,0.9,20,0,0.0,
5q,q_02,trummer_baseline,2,15,53,15,38,0,0.2830188679245283,1.0,0.4411764705882353,16.768965921000927,16,0,16,0.0,16.71124854599475,0.9,20,0,0.0,
5q,q_02,trummer_baseline,3,15,53,15,38,0,0.2830188679245283,1.0,0.4411764705882353,16.728884465999727,16,0,16,0.0,16.671112354008073,0.9,20,0,0.0,
5q,q_02,trummer_baseline,4,15,53,15,38,0,0.2830188679245283,1.0,0.4411764705882353,16.69062305300031,16,0,16,0.0,16.63436505302525,0.9,20,0,0.0,
5q,q_02,trummer_baseline,5,15,53,15,38,0,0.2830188679245283,1.0,0.4411764705882353,16.65956525799993,16,0,16,0.0,16.59891079499357,0.9,20,0,0.0,
5q,q_02,trummer_baseline,6,15,53,15,38,0,0.2830188679245283,1.0,0.4411764705882353,16.680739044000802,16,0,16,0.0,16.622873759995855,0.9,20,0,0.0,
5q,q_02,trummer_baseline,7,15,53,15,38,0,0.2830188679245283,1.0,0.4411764705882353,16.655431960993155,16,0,16,0.0,16.59822651399736,0.9,20,0,0.0,
5q,q_02,trummer_baseline,8,15,53,15,38,0,0.2830188679245283,1.0,0.4411764705882353,16.579691262995766,16,0,16,0.0,16.522893468012626,0.9,20,0,0.0,
5q,q_02,trummer_baseline,9,15,53,15,38,0,0.2830188679245283,1.0,0.4411764705882353,16.695214968000073,16,0,16,0.0,16.63749969300261,0.9,20,0,0.0,
5q,q_02,trummer_baseline,10,15,53,15,38,0,0.2830188679245283,1.0,0.4411764705882353,16.690788569001597,16,0,16,0.0,16.634015768984682,0.9,20,0,0.0,
5q,q_02,trummer_v1,1,15,23,15,8,0,0.6521739130434783,1.0,0.7894736842105263,18.32429384900024,9,8,1,16.597421645994473,1.7126786640001228,0.9,20,20,0.9,0.0
5q,q_02,trummer_v1,2,15,23,15,8,0,0.6521739130434783,1.0,0.7894736842105263,17.971520849998342,9,8,1,16.238305071005016,1.7159677410018048,0.9,20,20,0.9,0.0
5q,q_02,trummer_v1,3,15,23,15,8,0,0.6521739130434783,1.0,0.7894736842105263,18.01076899599866,9,8,1,16.283794593982748,1.7111064190030447,0.9,20,20,0.9,0.0
5q,q_02,trummer_v1,4,15,23,15,8,0,0.6521739130434783,1.0,0.7894736842105263,17.985683851999056,9,8,1,16.264985469992098,1.7043014270020649,0.9,20,20,0.9,0.0
5q,q_02,trummer_v1,5,15,23,15,8,0,0.6521739130434783,1.0,0.7894736842105263,17.999041846000182,9,8,1,16.273836399988795,1.7102002770043327,0.9,20,20,0.9,0.0
5q,q_02,trummer_v1,6,15,23,15,8,0,0.6521739130434783,1.0,0.7894736842105263,17.99932651000563,9,8,1,16.279556279994722,1.704699811001774,0.9,20,20,0.9,0.0
5q,q_02,trummer_v1,7,15,23,15,8,0,0.6521739130434783,1.0,0.7894736842105263,17.995955850994505,9,8,1,16.265172560000792,1.7155832530042971,0.9,20,20,0.9,0.0
5q,q_02,trummer_v1,8,15,23,15,8,0,0.6521739130434783,1.0,0.7894736842105263,17.983040015998995,9,8,1,16.261251393996645,1.706971578001685,0.9,20,20,0.9,0.0
5q,q_02,trummer_v1,9,15,23,15,8,0,0.6521739130434783,1.0,0.7894736842105263,18.00295396600268,9,8,1,16.27964494198386,1.7077403709990904,0.9,20,20,0.9,0.0
5q,q_02,trummer_v1,10,15,23,15,8,0,0.6521739130434783,1.0,0.7894736842105263,17.98639808799635,9,8,1,16.267562976994668,1.7010965459994623,0.9,20,20,0.9,0.0
5q,q_03,suql_baseline,1,15,16,14,2,1,0.875,0.9333333333333333,0.9032258064516129,20.809158322001167,50,0,50,0.0,20.786289524970925,0.9,20,0,0.0,
5q,q_03,suql_baseline,2,15,16,14,2,1,0.875,0.9333333333333333,0.9032258064516129,20.875736997004424,50,0,50,0.0,20.854744280004525,0.9,20,0,0.0,
5q,q_03,suql_baseline,3,15,16,14,2,1,0.875,0.9333333333333333,0.9032258064516129,20.936631235999812,50,0,50,0.0,20.914645317025133,0.9,20,0,0.0,
5q,q_03,suql_baseline,4,15,16,14,2,1,0.875,0.9333333333333333,0.9032258064516129,20.97174804300448,50,0,50,0.0,20.950723257024947,0.9,20,0,0.0,
5q,q_03,suql_baseline,5,15,16,14,2,1,0.875,0.9333333333333333,0.9032258064516129,20.898322661996644,50,0,50,0.0,20.875097393989563,0.9,20,0,0.0,
5q,q_03,suql_baseline,6,15,16,14,2,1,0.875,0.9333333333333333,0.9032258064516129,20.720060225998168,50,0,50,0.0,20.69770681898808,0.9,20,0,0.0,
5q,q_03,suql_baseline,7,15,16,14,2,1,0.875,0.9333333333333333,0.9032258064516129,20.6778125369965,50,0,50,0.0,20.658308639976894,0.9,20,0,0.0,
5q,q_03,suql_baseline,8,15,16,14,2,1,0.875,0.9333333333333333,0.9032258064516129,20.79332698599319,50,0,50,0.0,20.772276582029008,0.9,20,0,0.0,
5q,q_03,suql_baseline,9,15,16,14,2,1,0.875,0.9333333333333333,0.9032258064516129,20.68377567900461,50,0,50,0.0,20.66173849599727,0.9,20,0,0.0,
5q,q_03,suql_baseline,10,15,16,14,2,1,0.875,0.9333333333333333,0.9032258064516129,20.776121208000404,50,0,50,0.0,20.75513993504137,0.9,20,0,0.0,
5q,q_03,suql_v1,1,15,19,15,4,0,0.7894736842105263,1.0,0.8823529411764706,46.80421703700267,70,50,20,38.474301140973694,8.313388754984771,0.9,20,20,0.95,2.0
5q,q_03,suql_v1,2,15,19,15,4,0,0.7894736842105263,1.0,0.8823529411764706,46.405690915999,70,50,20,38.015850863957894,8.372353489001398,0.9,20,20,0.95,2.0
5q,q_03,suql_v1,3,15,19,15,4,0,0.7894736842105263,1.0,0.8823529411764706,46.53240385100071,70,50,20,38.15234957800567,8.362223462005204,0.9,20,20,0.95,2.0
5q,q_03,suql_v1,4,15,19,15,4,0,0.7894736842105263,1.0,0.8823529411764706,46.39524674399581,70,50,20,38.01446033499815,8.364214002998779,0.9,20,20,0.95,2.0
5q,q_03,suql_v1,5,15,19,15,4,0,0.7894736842105263,1.0,0.8823529411764706,46.31831739199697,70,50,20,38.110733053981676,8.190471423004055,0.9,20,20,0.95,2.0
5q,q_03,suql_v1,6,15,19,15,4,0,0.7894736842105263,1.0,0.8823529411764706,46.40009097500297,70,50,20,38.02939712199441,8.352733399980934,0.9,20,20,0.95,2.0
5q,q_03,suql_v1,7,15,19,15,4,0,0.7894736842105263,1.0,0.8823529411764706,46.52470924500085,70,50,20,38.173842190997675,8.330728050983453,0.9,20,20,0.95,2.0
5q,q_03,suql_v1,8,15,19,15,4,0,0.7894736842105263,1.0,0.8823529411764706,46.14968019499793,70,50,20,37.76950546000444,8.36321529502311,0.9,20,20,0.95,2.0
5q,q_03,suql_v1,9,15,19,15,4,0,0.7894736842105263,1.0,0.8823529411764706,46.457681414001854,70,50,20,38.09017229100573,8.348788425995735,0.9,20,20,0.95,2.0
5q,q_03,suql_v1,10,15,19,15,4,0,0.7894736842105263,1.0,0.8823529411764706,46.20375397599855,70,50,20,37.847338984996895,8.3374580810123,0.9,20,20,0.95,2.0
5q,q_03,trummer_baseline,1,15,38,14,24,1,0.3684210526315789,0.9333333333333333,0.5283018867924527,50.343233542000235,70,0,70,0.0,50.22450000602112,0.9,20,0,0.0,
5q,q_03,trummer_baseline,2,15,38,14,24,1,0.3684210526315789,0.9333333333333333,0.5283018867924527,49.09054558599746,70,0,70,0.0,48.968670114001725,0.9,20,0,0.0,
5q,q_03,trummer_baseline,3,15,38,14,24,1,0.3684210526315789,0.9333333333333333,0.5283018867924527,48.50744541899621,70,0,70,0.0,48.387804222031264,0.9,20,0,0.0,
5q,q_03,trummer_baseline,4,15,38,14,24,1,0.3684210526315789,0.9333333333333333,0.5283018867924527,48.40869548200135,70,0,70,0.0,48.28973504200985,0.9,20,0,0.0,
5q,q_03,trummer_baseline,5,15,38,14,24,1,0.3684210526315789,0.9333333333333333,0.5283018867924527,48.49706103200151,70,0,70,0.0,48.377770936029265,0.9,20,0,0.0,
5q,q_03,trummer_baseline,6,15,38,14,24,1,0.3684210526315789,0.9333333333333333,0.5283018867924527,48.45948504800617,70,0,70,0.0,48.340276836992416,0.9,20,0,0.0,
5q,q_03,trummer_baseline,7,15,38,14,24,1,0.3684210526315789,0.9333333333333333,0.5283018867924527,48.608312211996235,70,0,70,0.0,48.48678054597258,0.9,20,0,0.0,
5q,q_03,trummer_baseline,8,15,38,14,24,1,0.3684210526315789,0.9333333333333333,0.5283018867924527,48.58297271899937,70,0,70,0.0,48.46236513797339,0.9,20,0,0.0,
5q,q_03,trummer_baseline,9,15,38,14,24,1,0.3684210526315789,0.9333333333333333,0.5283018867924527,48.54142141400371,70,0,70,0.0,48.421354848986084,0.9,20,0,0.0,
5q,q_03,trummer_baseline,10,15,38,14,24,1,0.3684210526315789,0.9333333333333333,0.5283018867924527,48.521667868000804,70,0,70,0.0,48.40259588496701,0.9,20,0,0.0,
5q,q_03,trummer_v1,1,15,16,15,1,0,0.9375,1.0,0.967741935483871,19.945965594997688,9,7,2,16.07406797699514,3.861120445995766,0.9,20,20,0.8947368421052632,
5q,q_03,trummer_v1,2,15,16,15,1,0,0.9375,1.0,0.967741935483871,16.98658270099986,9,7,2,13.182471123989671,3.792139285003941,0.9,20,20,0.8947368421052632,
5q,q_03,trummer_v1,3,15,16,15,1,0,0.9375,1.0,0.967741935483871,17.0039071229985,9,7,2,13.199891199008562,3.791290770008345,0.9,20,20,0.8947368421052632,
5q,q_03,trummer_v1,4,15,16,15,1,0,0.9375,1.0,0.967741935483871,17.02820529699966,9,7,2,13.21386792899284,3.8016069829973276,0.9,20,20,0.8947368421052632,
5q,q_03,trummer_v1,5,15,16,15,1,0,0.9375,1.0,0.967741935483871,17.034013942997262,9,7,2,13.23260889100493,3.7887255380046554,0.9,20,20,0.8947368421052632,
5q,q_03,trummer_v1,6,15,16,15,1,0,0.9375,1.0,0.967741935483871,17.035699451000255,9,7,2,13.225114192006004,3.799137303001771,0.9,20,20,0.8947368421052632,
5q,q_03,trummer_v1,7,15,16,15,1,0,0.9375,1.0,0.967741935483871,17.019219549998525,9,7,2,13.225538778002374,3.779811000000336,0.9,20,20,0.8947368421052632,
5q,q_03,trummer_v1,8,15,16,15,1,0,0.9375,1.0,0.967741935483871,17.038737652001146,9,7,2,13.229001441992295,3.796871407997969,0.9,20,20,0.8947368421052632,
5q,q_03,trummer_v1,9,15,16,15,1,0,0.9375,1.0,0.967741935483871,17.0409344879954,9,7,2,13.229791001991543,3.796832756001095,0.9,20,20,0.8947368421052632,
5q,q_03,trummer_v1,10,15,16,15,1,0,0.9375,1.0,0.967741935483871,17.038317630001984,9,7,2,13.233455268011312,3.792652543001168,0.9,20,20,0.8947368421052632,
5q,q_04,suql_baseline,1,15,11,11,0,4,1.0,0.7333333333333333,0.846153846153846,21.506260807997023,49,0,49,0.0,21.484164266985317,0.9,20,0,0.0,
5q,q_04,suql_baseline,2,15,11,11,0,4,1.0,0.7333333333333333,0.846153846153846,21.223515625999426,49,0,49,0.0,21.1986182729961,0.9,20,0,0.0,
5q,q_04,suql_baseline,3,15,11,11,0,4,1.0,0.7333333333333333,0.846153846153846,21.4974094509962,49,0,49,0.0,21.476530849999108,0.9,20,0,0.0,
5q,q_04,suql_baseline,4,15,11,11,0,4,1.0,0.7333333333333333,0.846153846153846,21.13938845699886,49,0,49,0.0,21.116070333999232,0.9,20,0,0.0,
5q,q_04,suql_baseline,5,15,11,11,0,4,1.0,0.7333333333333333,0.846153846153846,21.222521095005504,49,0,49,0.0,21.20074868100346,0.9,20,0,0.0,
5q,q_04,suql_baseline,6,15,11,11,0,4,1.0,0.7333333333333333,0.846153846153846,21.213019365000946,49,0,49,0.0,21.191565771005116,0.9,20,0,0.0,
5q,q_04,suql_baseline,7,15,11,11,0,4,1.0,0.7333333333333333,0.846153846153846,21.270675908002886,49,0,49,0.0,21.248230608020094,0.9,20,0,0.0,
5q,q_04,suql_baseline,8,15,11,11,0,4,1.0,0.7333333333333333,0.846153846153846,21.207690601004288,49,0,49,0.0,21.187209002026066,0.9,20,0,0.0,
5q,q_04,suql_baseline,9,15,11,11,0,4,1.0,0.7333333333333333,0.846153846153846,21.206177672000194,49,0,49,0.0,21.18359062498348,0.9,20,0,0.0,
5q,q_04,suql_baseline,10,15,11,11,0,4,1.0,0.7333333333333333,0.846153846153846,21.27207009599806,49,0,49,0.0,21.250364874955267,0.9,20,0,0.0,
5q,q_04,suql_v1,1,15,11,11,0,4,1.0,0.7333333333333333,0.846153846153846,48.34289466999326,70,50,20,39.54230218199518,8.783650741999736,0.9,20,20,1.0,2.0
5q,q_04,suql_v1,2,15,11,11,0,4,1.0,0.7333333333333333,0.846153846153846,47.92697233699437,70,50,20,39.17532015296456,8.733706771010475,0.9,20,20,1.0,2.0
5q,q_04,suql_v1,3,15,11,11,0,4,1.0,0.7333333333333333,0.846153846153846,47.85973443699913,70,50,20,39.08599961101572,8.756813226988015,0.9,20,20,1.0,2.0
5q,q_04,suql_v1,4,15,11,11,0,4,1.0,0.7333333333333333,0.846153846153846,47.69070134300273,70,50,20,38.93094345302961,8.742577470984543,0.9,20,20,1.0,2.0
5q,q_04,suql_v1,5,15,11,11,0,4,1.0,0.7333333333333333,0.846153846153846,47.82223482699919,70,50,20,39.0295903320075,8.773863100999733,0.9,20,20,1.0,2.0
5q,q_04,suql_v1,6,15,11,11,0,4,1.0,0.7333333333333333,0.846153846153846,47.985084374995495,70,50,20,39.166336100999615,8.802646589007054,0.9,20,20,1.0,2.0
5q,q_04,suql_v1,7,15,11,11,0,4,1.0,0.7333333333333333,0.846153846153846,48.0354803720038,70,50,20,39.209013551007956,8.80767279300926,0.9,20,20,1.0,2.0
5q,q_04,suql_v1,8,15,11,11,0,4,1.0,0.7333333333333333,0.846153846153846,48.11575108500256,70,50,20,39.28799753700878,8.806976492989634,0.9,20,20,1.0,2.0
5q,q_04,suql_v1,9,15,11,11,0,4,1.0,0.7333333333333333,0.846153846153846,48.14763531200151,70,50,20,39.34658042903175,8.783434758013755,0.9,20,20,1.0,2.0
5q,q_04,suql_v1,10,15,11,11,0,4,1.0,0.7333333333333333,0.846153846153846,47.98206324099738,70,50,20,39.137728892994346,8.826887657000043,0.9,20,20,1.0,2.0
5q,q_04,trummer_baseline,1,15,30,10,20,5,0.3333333333333333,0.6666666666666666,0.4444444444444444,38.08094378000533,42,0,42,0.0,37.96460918697994,0.9,20,0,0.0,
5q,q_04,trummer_baseline,2,15,30,10,20,5,0.3333333333333333,0.6666666666666666,0.4444444444444444,36.94026593799936,42,0,42,0.0,36.82845985098538,0.9,20,0,0.0,
5q,q_04,trummer_baseline,3,15,30,10,20,5,0.3333333333333333,0.6666666666666666,0.4444444444444444,37.01183104200027,42,0,42,0.0,36.897045032994356,0.9,20,0,0.0,
5q,q_04,trummer_baseline,4,15,30,10,20,5,0.3333333333333333,0.6666666666666666,0.4444444444444444,36.96616955000354,42,0,42,0.0,36.8555837919921,0.9,20,0,0.0,
5q,q_04,trummer_baseline,5,15,30,10,20,5,0.3333333333333333,0.6666666666666666,0.4444444444444444,36.95243809300155,42,0,42,0.0,36.83842679196823,0.9,20,0,0.0,
5q,q_04,trummer_baseline,6,15,30,10,20,5,0.3333333333333333,0.6666666666666666,0.4444444444444444,36.877294171994436,42,0,42,0.0,36.76637498601485,0.9,20,0,0.0,
5q,q_04,trummer_baseline,7,15,30,10,20,5,0.3333333333333333,0.6666666666666666,0.4444444444444444,36.926579751001555,42,0,42,0.0,36.81388230797893,0.9,20,0,0.0,
5q,q_04,trummer_baseline,8,15,30,10,20,5,0.3333333333333333,0.6666666666666666,0.4444444444444444,37.056957268003316,42,0,42,0.0,36.94581159699737,0.9,20,0,0.0,
5q,q_04,trummer_baseline,9,15,30,10,20,5,0.3333333333333333,0.6666666666666666,0.4444444444444444,36.950217404002615,42,0,42,0.0,36.837398761977965,0.9,20,0,0.0,
5q,q_04,trummer_baseline,10,15,30,10,20,5,0.3333333333333333,0.6666666666666666,0.4444444444444444,37.03786961600417,42,0,42,0.0,36.929261972007225,0.9,20,0,0.0,
5q,q_04,trummer_v1,1,15,11,10,1,5,0.9090909090909091,0.6666666666666666,0.7692307692307692,22.211614442996506,11,7,4,16.700806280998222,5.490215600999363,0.9,20,20,0.8421052631578947,
5q,q_04,trummer_v1,2,15,10,9,1,6,0.9,0.6,0.7200000000000001,18.66988891499932,11,7,4,13.669576064996363,4.979349002001982,0.9,20,20,0.7894736842105263,
5q,q_04,trummer_v1,3,15,10,9,1,6,0.9,0.6,0.7200000000000001,18.67741159599973,11,7,4,13.671631139004603,4.98505576900061,0.9,20,20,0.7894736842105263,
5q,q_04,trummer_v1,4,15,10,9,1,6,0.9,0.6,0.7200000000000001,18.693777423999563,11,7,4,13.689139590984269,4.9848398649919545,0.9,20,20,0.7894736842105263,
5q,q_04,trummer_v1,5,15,10,9,1,6,0.9,0.6,0.7200000000000001,18.712612476003414,11,7,4,13.691871124021418,4.999952920989017,0.9,20,20,0.7894736842105263,
5q,q_04,trummer_v1,6,15,10,9,1,6,0.9,0.6,0.7200000000000001,18.731036224999116,11,7,4,13.700749691000965,5.009235169003659,0.9,20,20,0.7894736842105263,
5q,q_04,trummer_v1,7,15,10,9,1,6,0.9,0.6,0.7200000000000001,18.705586708994815,11,7,4,13.678950987006829,5.005756287006079,0.9,20,20,0.7894736842105263,
5q,q_04,trummer_v1,8,15,10,9,1,6,0.9,0.6,0.7200000000000001,18.638779073000478,11,7,4,13.678274373996828,4.938265134012909,0.9,20,20,0.7894736842105263,
5q,q_04,trummer_v1,9,15,10,9,1,6,0.9,0.6,0.7200000000000001,18.668750785000157,11,7,4,13.676521404006053,4.97277601899259,0.9,20,20,0.7894736842105263,
5q,q_04,trummer_v1,10,15,10,9,1,6,0.9,0.6,0.7200000000000001,18.681519380006648,11,7,4,13.68081386200356,4.978945589995419,0.9,20,20,0.7894736842105263,
5q,q_05,suql_baseline,1,15,16,15,1,0,0.9375,1.0,0.967741935483871,21.051927169995906,48,0,48,0.0,21.031162518986093,0.9,20,0,0.0,
5q,q_05,suql_baseline,2,15,16,15,1,0,0.9375,1.0,0.967741935483871,20.83019838900509,48,0,48,0.0,20.808668136014603,0.9,20,0,0.0,
5q,q_05,suql_baseline,3,15,16,15,1,0,0.9375,1.0,0.967741935483871,20.890868086004048,48,0,48,0.0,20.867967422993388,0.9,20,0,0.0,
5q,q_05,suql_baseline,4,15,16,15,1,0,0.9375,1.0,0.967741935483871,20.850739023000642,48,0,48,0.0,20.83011375802016,0.9,20,0,0.0,
5q,q_05,suql_baseline,5,15,16,15,1,0,0.9375,1.0,0.967741935483871,20.839558516003308,48,0,48,0.0,20.815945236005064,0.9,20,0,0.0,
5q,q_05,suql_baseline,6,15,16,15,1,0,0.9375,1.0,0.967741935483871,20.773460092001187,48,0,48,0.0,20.751064766001946,0.9,20,0,0.0,
5q,q_05,suql_baseline,7,15,16,15,1,0,0.9375,1.0,0.967741935483871,20.861528759000066,48,0,48,0.0,20.841106812986254,0.9,20,0,0.0,
5q,q_05,suql_baseline,8,15,16,15,1,0,0.9375,1.0,0.967741935483871,20.811197555995022,48,0,48,0.0,20.789298910007346,0.9,20,0,0.0,
5q,q_05,suql_baseline,9,15,16,15,1,0,0.9375,1.0,0.967741935483871,20.828402036000625,48,0,48,0.0,20.80396662599378,0.9,20,0,0.0,
5q,q_05,suql_baseline,10,15,16,15,1,0,0.9375,1.0,0.967741935483871,20.743365221002023,48,0,48,0.0,20.723406821016397,0.9,20,0,0.0,
5q,q_05,suql_v1,1,15,16,15,1,0,0.9375,1.0,0.967741935483871,47.00023692699324,68,50,18,39.098182782006916,7.880016322000301,0.9,20,20,0.95,2.0
5q,q_05,suql_v1,2,15,16,15,1,0,0.9375,1.0,0.967741935483871,46.32304338100221,68,50,18,38.382195906982815,7.9194764790154295,0.9,20,20,0.95,2.0
5q,q_05,suql_v1,3,15,16,15,1,0,0.9375,1.0,0.967741935483871,46.20365699800459,68,50,18,38.27182208002341,7.914985939998587,0.9,20,20,0.95,2.0
5q,q_05,suql_v1,4,15,16,15,1,0,0.9375,1.0,0.967741935483871,46.49621230800403,68,50,18,38.538315482015605,7.940674434015818,0.9,20,20,0.95,2.0
5q,q_05,suql_v1,5,15,16,15,1,0,0.9375,1.0,0.967741935483871,46.55021647799731,68,50,18,38.577613270972506,7.954274020987214,0.9,20,20,0.95,2.0
5q,q_05,suql_v1,6,15,16,15,1,0,0.9375,1.0,0.967741935483871,46.60549259599793,68,50,18,38.620662320980045,7.967761556006735,0.9,20,20,0.95,2.0
5q,q_05,suql_v1,7,15,16,15,1,0,0.9375,1.0,0.967741935483871,46.32297204199858,68,50,18,38.39889592097461,7.906461123988265,0.9,20,20,0.95,2.0
5q,q_05,suql_v1,8,15,16,15,1,0,0.9375,1.0,0.967741935483871,46.16182571500394,68,50,18,38.300626968011784,7.844684853000217,0.9,20,20,0.95,2.0
5q,q_05,suql_v1,9,15,16,15,1,0,0.9375,1.0,0.967741935483871,46.263128045000485,68,50,18,38.357820756988076,7.885466435975104,0.9,20,20,0.95,2.0
5q,q_05,suql_v1,10,15,16,15,1,0,0.9375,1.0,0.967741935483871,46.54455732199858,68,50,18,38.574830216028204,7.952546492015244,0.9,20,20,0.95,2.0
5q,q_05,trummer_baseline,1,15,34,14,20,1,0.4117647058823529,0.9333333333333333,0.5714285714285713,24.610687678999966,26,0,26,0.0,24.52084297597321,0.9,20,0,0.0,
5q,q_05,trummer_baseline,2,15,34,14,20,1,0.4117647058823529,0.9333333333333333,0.5714285714285713,23.905053415997827,26,0,26,0.0,23.812990794984216,0.9,20,0,0.0,
5q,q_05,trummer_baseline,3,15,34,14,20,1,0.4117647058823529,0.9333333333333333,0.5714285714285713,23.916875821996655,26,0,26,0.0,23.8284007469847,0.9,20,0,0.0,
5q,q_05,trummer_baseline,4,15,34,14,20,1,0.4117647058823529,0.9333333333333333,0.5714285714285713,23.97267726899736,26,0,26,0.0,23.881247127006645,0.9,20,0,0.0,
5q,q_05,trummer_baseline,5,15,34,14,20,1,0.4117647058823529,0.9333333333333333,0.5714285714285713,23.91499305000616,26,0,26,0.0,23.824987300009525,0.9,20,0,0.0,
5q,q_05,trummer_baseline,6,15,34,14,20,1,0.4117647058823529,0.9333333333333333,0.5714285714285713,23.986672703002114,26,0,26,0.0,23.897796003016992,0.9,20,0,0.0,
5q,q_05,trummer_baseline,7,15,34,14,20,1,0.4117647058823529,0.9333333333333333,0.5714285714285713,23.90572353999596,26,0,26,0.0,23.813213996982086,0.9,20,0,0.0,
5q,q_05,trummer_baseline,8,15,34,14,20,1,0.4117647058823529,0.9333333333333333,0.5714285714285713,23.993881772999885,26,0,26,0.0,23.905718476969923,0.9,20,0,0.0,
5q,q_05,trummer_baseline,9,15,34,14,20,1,0.4117647058823529,0.9333333333333333,0.5714285714285713,23.905031526999664,26,0,26,0.0,23.816963883007702,0.9,20,0,0.0,
5q,q_05,trummer_baseline,10,15,34,14,20,1,0.4117647058823529,0.9333333333333333,0.5714285714285713,23.94339439200121,26,0,26,0.0,23.849141392012825,0.9,20,0,0.0,
5q,q_05,trummer_v1,1,15,16,15,1,0,0.9375,1.0,0.967741935483871,16.869639029006066,10,7,3,14.18999131898454,2.661064031002752,0.9,20,20,1.0,0.0
5q,q_05,trummer_v1,2,15,16,15,1,0,0.9375,1.0,0.967741935483871,16.20971263100364,10,7,3,13.538363055013178,2.653764416994818,0.9,20,20,1.0,0.0
5q,q_05,trummer_v1,3,15,16,15,1,0,0.9375,1.0,0.967741935483871,16.229353114998958,10,7,3,13.571539763994224,2.642890325994813,0.9,20,20,1.0,0.0
5q,q_05,trummer_v1,4,15,16,15,1,0,0.9375,1.0,0.967741935483871,16.215032100000826,10,7,3,13.546418929996435,2.6532764800067525,0.9,20,20,1.0,0.0
5q,q_05,trummer_v1,5,15,16,15,1,0,0.9375,1.0,0.967741935483871,16.239655229001073,10,7,3,13.572347051995166,2.6505621619944577,0.9,20,20,1.0,0.0
5q,q_05,trummer_v1,6,15,16,15,1,0,0.9375,1.0,0.967741935483871,16.223750971003028,10,7,3,13.558082021998416,2.64816750799946,0.9,20,20,1.0,0.0
5q,q_05,trummer_v1,7,15,16,15,1,0,0.9375,1.0,0.967741935483871,16.20720334199723,10,7,3,13.516619161011477,2.6724233380009537,0.9,20,20,1.0,0.0
5q,q_05,trummer_v1,8,15,16,15,1,0,0.9375,1.0,0.967741935483871,16.222019127999374,10,7,3,13.553407885992783,2.6500249320015428,0.9,20,20,1.0,0.0
5q,q_05,trummer_v1,9,15,16,15,1,0,0.9375,1.0,0.967741935483871,16.20498215599946,10,7,3,13.54152588800207,2.6452370440092636,0.9,20,20,1.0,0.0
5q,q_05,trummer_v1,10,15,16,15,1,0,0.9375,1.0,0.967741935483871,16.253065161006816,10,7,3,13.585245643000235,2.6515830459975405,0.9,20,20,1.0,0.0
